hh_id,location_urban,location_rural,hh_size1,hh_size2,hh_size3,hh_size4,m_0_to_29,f_0_to_29,m_30_to_59,f_30_to_59,m_gt_60,f_gt_60,edu_non,edu_low,edu_middle,edu_high
d214_hh41,0,1,0,1,0,0,0,0,0,1,1,0,1,1,0,0
d49_hh198,1,0,0,1,0,0,0,0,0,2,0,0,0,1,1,0
d38_hh165,0,1,0,0,1,0,0,2,0,1,0,0,1,1,0,0
d110_hh252,0,1,1,0,0,0,0,0,1,0,0,0,0,1,0,0
d11_hh53,0,1,0,1,0,0,0,0,1,1,0,0,0,1,1,0
d105_hh48,1,0,1,0,0,0,0,0,1,0,0,0,0,0,1,0
d115_hh2,1,0,0,1,0,0,1,0,0,1,0,0,0,0,2,0
d163_hh145,0,1,1,0,0,0,0,0,0,0,0,1,0,1,0,0
d196_hh175,1,0,1,0,0,0,0,0,1,0,0,0,0,0,1,0
d84_hh6,1,0,0,1,0,0,0,0,1,0,1,0,0,2,0,0
d181_hh59,1,0,1,0,0,0,0,0,1,0,0,0,0,0,1,0
d126_hh263,0,1,1,0,0,0,0,0,0,0,0,1,0,1,0,0
d176_hh239,1,0,0,1,0,0,1,0,1,0,0,0,0,1,0,1
d176_hh122,1,0,1,0,0,0,0,0,1,0,0,0,1,0,0,0
d172_hh102,1,0,0,1,0,0,0,0,0,2,0,0,0,1,0,1
d83_hh117,0,1,0,1,0,0,0,0,1,0,1,0,0,2,0,0
d138_hh150,0,1,0,1,0,0,0,0,1,1,0,0,0,1,1,0
d215_hh105,0,1,1,0,0,0,0,0,0,0,1,0,0,1,0,0
d81_hh89,0,1,0,1,0,0,0,0,0,1,1,0,0,0,2,0
d187_hh61,0,1,0,1,0,0,0,0,0,1,0,1,0,1,1,0
d167_hh41,1,0,0,1,0,0,1,0,0,0,0,1,0,0,2,0
d89_hh43,1,0,0,1,0,0,0,0,1,1,0,0,0,1,0,1
d172_hh263,1,0,0,1,0,0,1,0,0,1,0,0,0,1,0,0
d164_hh122,0,1,1,0,0,0,0,0,0,1,0,0,0,0,1,0
d153_hh185,1,0,0,1,0,0,0,1,0,1,0,0,0,0,2,0
d15_hh186,0,1,1,0,0,0,0,0,0,1,0,0,0,1,0,0
d162_hh213,0,1,0,1,0,0,0,0,0,1,0,1,1,1,0,0
d144_hh235,1,0,0,1,0,0,0,0,1,0,1,0,0,2,0,0
d141_hh27,0,1,0,1,0,0,0,0,1,1,0,0,0,1,1,0
d159_hh183,0,1,0,1,0,0,0,1,0,0,1,0,0,2,0,0
d121_hh146,1,0,0,0,1,0,0,1,2,0,0,0,0,0,2,0
d202_hh170,0,1,1,0,0,0,0,0,0,0,0,1,0,1,0,0
d86_hh136,1,0,0,1,0,0,0,0,0,2,0,0,1,0,1,0
d115_hh85,1,0,1,0,0,0,0,1,0,0,0,0,0,1,0,0
d148_hh189,1,0,0,1,0,0,0,0,1,0,1,0,0,2,0,0
d208_hh240,0,1,0,0,0,4,0,0,1,1,0,2,0,1,3,0
d137_hh106,0,1,0,1,0,0,0,0,1,0,1,0,0,2,0,0
d131_hh174,0,1,0,1,0,0,0,0,2,0,0,0,0,1,1,0
d16_hh287,0,1,1,0,0,0,0,0,0,1,0,0,0,1,0,0
d17_hh12,0,1,0,0,1,0,0,1,1,1,0,0,0,0,2,0
d17_hh213,0,1,0,0,1,0,1,1,0,0,0,1,0,1,1,0
d80_hh106,0,1,0,1,0,0,0,0,2,0,0,0,0,2,0,0
d75_hh264,0,1,1,0,0,0,0,0,0,1,0,0,1,0,0,0
d108_hh35,1,0,1,0,0,0,1,0,0,0,0,0,0,0,0,1
d95_hh201,0,1,0,0,1,0,0,1,0,2,0,0,0,1,1,0
d157_hh104,1,0,0,1,0,0,1,1,0,0,0,0,0,0,1,0
d199_hh180,0,1,0,0,1,0,1,0,1,1,0,0,0,1,1,0
d106_hh207,0,1,0,0,0,4,0,0,2,0,0,2,0,3,1,0
d15_hh76,0,1,1,0,0,0,0,0,0,0,1,0,0,0,1,0
d3_hh7,1,0,1,0,0,0,0,0,1,0,0,0,0,0,0,1
d49_hh119,1,0,1,0,0,0,0,0,0,1,0,0,0,1,0,0
d176_hh183,1,0,0,1,0,0,0,0,1,1,0,0,0,0,2,0
d100_hh63,0,1,0,1,0,0,0,0,1,0,0,1,0,0,2,0
d66_hh240,0,1,0,1,0,0,0,0,0,0,1,1,0,1,1,0
d46_hh12,0,1,0,1,0,0,0,0,1,0,1,0,0,1,1,0
d174_hh24,0,1,0,1,0,0,0,0,0,2,0,0,0,2,0,0
d66_hh18,0,1,0,1,0,0,0,0,1,0,0,1,0,0,2,0
d42_hh19,0,1,0,1,0,0,0,0,0,1,0,1,1,1,0,0
d42_hh88,0,1,0,1,0,0,0,0,2,0,0,0,0,1,0,1
d122_hh16,0,1,0,1,0,0,0,0,0,1,1,0,0,2,0,0
d4_hh29,0,1,0,1,0,0,0,0,1,1,0,0,0,2,0,0
d148_hh221,1,0,1,0,0,0,0,0,1,0,0,0,0,1,0,0
d161_hh203,0,1,1,0,0,0,0,0,1,0,0,0,0,1,0,0
d134_hh270,0,1,0,1,0,0,0,0,0,2,0,0,1,1,0,0
d206_hh188,1,0,0,1,0,0,0,0,1,1,0,0,1,0,0,1
d188_hh137,1,0,1,0,0,0,0,0,0,1,0,0,0,0,1,0
d23_hh204,0,1,0,1,0,0,0,0,0,2,0,0,0,2,0,0
d182_hh74,0,1,1,0,0,0,0,0,0,0,1,0,0,0,1,0
d209_hh11,0,1,0,0,1,0,0,2,0,1,0,0,0,1,0,0
d118_hh173,0,1,0,0,0,5,0,1,1,0,1,2,0,1,3,0
d201_hh28,1,0,0,1,0,0,1,0,1,0,0,0,0,0,2,0
d178_hh173,0,1,0,0,1,0,0,1,0,1,0,1,0,1,1,0
d132_hh46,0,1,0,1,0,0,0,0,2,0,0,0,0,0,2,0
d84_hh101,1,0,0,1,0,0,0,0,0,0,2,0,0,0,2,0
d41_hh163,0,1,0,1,0,0,0,0,1,0,0,1,0,2,0,0
d83_hh193,0,1,0,1,0,0,0,0,0,2,0,0,0,0,2,0
d212_hh78,1,0,0,1,0,0,0,1,1,0,0,0,0,0,2,0
d53_hh3,0,1,1,0,0,0,0,0,0,0,1,0,0,0,1,0
d175_hh131,0,1,0,1,0,0,0,0,0,1,1,0,0,0,2,0
d71_hh152,1,0,0,1,0,0,0,0,0,0,0,2,1,0,1,0
d68_hh230,1,0,0,0,0,4,1,0,1,0,0,2,0,1,3,0
d178_hh157,0,1,1,0,0,0,0,0,1,0,0,0,0,1,0,0
d180_hh34,1,0,0,1,0,0,0,0,1,0,1,0,0,0,2,0
d141_hh128,0,1,0,1,0,0,0,0,0,2,0,0,0,2,0,0
d117_hh11,0,1,1,0,0,0,0,0,1,0,0,0,0,1,0,0
d189_hh237,1,0,0,1,0,0,0,0,0,2,0,0,0,1,1,0
d62_hh259,0,1,0,1,0,0,0,0,2,0,0,0,1,1,0,0
d26_hh40,0,1,0,1,0,0,0,0,1,1,0,0,0,2,0,0
d123_hh106,0,1,0,1,0,0,0,0,0,1,1,0,1,1,0,0
d199_hh71,0,1,0,1,0,0,0,0,2,0,0,0,0,1,1,0
d150_hh203,0,1,0,1,0,0,0,0,0,0,2,0,0,0,2,0
d155_hh151,0,1,0,1,0,0,0,0,1,0,0,1,0,2,0,0
d66_hh207,0,1,0,1,0,0,0,0,0,2,0,0,0,0,2,0
d83_hh76,0,1,0,1,0,0,0,1,0,0,1,0,0,1,0,0
d107_hh76,1,0,0,0,1,0,1,0,1,1,0,0,0,0,2,0
d61_hh155,0,1,0,1,0,0,0,0,0,2,0,0,0,0,1,1
d70_hh135,1,0,0,1,0,0,0,0,0,2,0,0,0,0,2,0
d103_hh89,1,0,0,1,0,0,0,0,2,0,0,0,0,2,0,0
d135_hh2,0,1,0,0,0,4,0,0,0,1,2,1,1,0,2,1
d99_hh225,0,1,0,1,0,0,0,0,1,0,0,1,0,1,1,0
d91_hh178,0,1,0,1,0,0,0,0,1,0,1,0,0,0,2,0
d59_hh251,0,1,1,0,0,0,0,0,0,0,1,0,0,0,1,0
d15_hh80,0,1,0,1,0,0,0,0,0,1,0,1,0,0,2,0
d140_hh85,0,1,0,0,0,4,1,1,1,1,0,0,0,1,1,0
d209_hh244,0,1,0,1,0,0,0,0,1,0,0,1,0,2,0,0
d214_hh47,0,1,1,0,0,0,0,0,1,0,0,0,0,1,0,0
d83_hh204,0,1,0,1,0,0,0,0,1,1,0,0,0,2,0,0
d149_hh107,0,1,0,1,0,0,0,0,0,2,0,0,0,2,0,0
d180_hh130,1,0,0,1,0,0,0,0,1,1,0,0,0,1,1,0
d190_hh38,0,1,0,0,1,0,0,1,1,1,0,0,0,1,1,0
d17_hh106,0,1,0,0,1,0,0,0,2,0,1,0,0,2,1,0
d200_hh102,0,1,1,0,0,0,0,0,0,0,1,0,0,1,0,0
d102_hh242,0,1,0,1,0,0,0,1,0,1,0,0,0,0,2,0
d71_hh292,1,0,0,1,0,0,0,0,0,1,1,0,0,2,0,0
d187_hh87,0,1,0,1,0,0,0,0,0,1,1,0,0,1,1,0
d86_hh70,1,0,1,0,0,0,0,1,0,0,0,0,0,0,1,0
d13_hh58,0,1,0,1,0,0,0,0,0,1,0,1,1,1,0,0
d132_hh76,0,1,0,1,0,0,0,0,0,2,0,0,2,0,0,0
d29_hh243,0,1,1,0,0,0,0,0,0,0,0,1,0,0,1,0
d170_hh130,0,1,0,1,0,0,0,0,0,0,1,1,0,2,0,0
d23_hh21,0,1,0,0,0,5,2,1,1,1,0,0,0,1,1,0
d107_hh42,1,0,0,1,0,0,0,0,1,1,0,0,0,0,1,1
d60_hh259,1,0,0,1,0,0,1,0,1,0,0,0,0,1,0,0
d203_hh11,1,0,0,1,0,0,0,0,1,1,0,0,0,0,2,0
d119_hh24,0,1,1,0,0,0,0,0,0,1,0,0,0,0,1,0
d49_hh89,1,0,0,1,0,0,0,0,1,1,0,0,0,1,1,0
d167_hh167,1,0,1,0,0,0,0,0,1,0,0,0,0,0,0,1
d60_hh210,1,0,0,0,0,5,0,0,2,2,1,0,0,0,4,1
d117_hh74,0,1,0,1,0,0,0,0,2,0,0,0,1,1,0,0
d65_hh29,0,1,0,1,0,0,0,0,1,1,0,0,0,1,1,0
d145_hh2,1,0,0,1,0,0,0,0,1,1,0,0,1,0,1,0
d152_hh88,0,1,0,1,0,0,0,0,1,1,0,0,0,2,0,0
d28_hh260,1,0,0,0,1,0,1,1,1,0,0,0,0,0,2,0
d175_hh52,0,1,1,0,0,0,0,0,0,0,1,0,0,1,0,0
d122_hh159,0,1,0,1,0,0,0,0,1,1,0,0,0,2,0,0
d110_hh193,0,1,0,1,0,0,0,0,1,0,0,1,1,0,1,0
d82_hh154,0,1,0,1,0,0,0,0,1,1,0,0,0,2,0,0
d191_hh53,0,1,0,0,1,0,0,0,1,0,1,1,0,2,1,0
d151_hh207,1,0,0,1,0,0,0,0,1,1,0,0,0,1,1,0
d104_hh58,0,1,0,1,0,0,1,0,0,1,0,0,0,2,0,0
d45_hh9,1,0,1,0,0,0,0,0,0,0,0,1,0,0,1,0
d94_hh178,1,0,1,0,0,0,0,0,0,1,0,0,0,0,1,0
d132_hh188,0,1,1,0,0,0,0,0,0,1,0,0,1,0,0,0
d2_hh151,0,1,0,1,0,0,0,0,1,0,0,1,0,0,2,0
d77_hh123,0,1,0,1,0,0,0,0,1,0,1,0,0,2,0,0
d54_hh61,0,1,0,1,0,0,0,0,1,0,0,1,0,1,1,0
d14_hh160,1,0,1,0,0,0,0,0,1,0,0,0,0,0,1,0
d161_hh185,0,1,0,1,0,0,0,0,2,0,0,0,0,2,0,0
d155_hh148,0,1,0,1,0,0,0,0,0,0,0,2,0,1,1,0
d111_hh131,0,1,0,1,0,0,0,0,1,1,0,0,0,1,1,0
d182_hh226,0,1,0,1,0,0,0,0,1,1,0,0,0,2,0,0
d21_hh105,0,1,0,1,0,0,0,0,0,2,0,0,0,1,1,0
d191_hh246,0,1,0,0,1,0,1,0,1,0,1,0,0,1,1,0
d75_hh53,0,1,1,0,0,0,0,0,1,0,0,0,0,1,0,0
d18_hh137,0,1,0,1,0,0,0,0,0,0,1,1,0,1,1,0
d177_hh163,0,1,0,0,1,0,1,1,0,1,0,0,0,1,1,0
d85_hh110,0,1,0,0,0,5,0,0,3,0,2,0,1,2,2,0
d64_hh271,1,0,1,0,0,0,0,0,0,1,0,0,0,0,1,0
d137_hh119,0,1,0,1,0,0,0,0,0,2,0,0,1,0,1,0
d112_hh8,0,1,0,1,0,0,0,0,1,1,0,0,0,0,1,1
d138_hh83,0,1,0,1,0,0,0,0,1,1,0,0,0,1,1,0
d169_hh190,0,1,0,1,0,0,0,0,0,0,0,2,0,0,2,0
d158_hh136,0,1,0,1,0,0,0,0,1,0,1,0,0,1,1,0
d101_hh129,0,1,1,0,0,0,0,0,0,1,0,0,1,0,0,0
d198_hh136,0,1,0,1,0,0,0,0,1,1,0,0,2,0,0,0
d84_hh62,1,0,1,0,0,0,0,0,0,1,0,0,0,0,1,0
d89_hh65,1,0,0,1,0,0,0,0,1,0,0,1,0,0,2,0
d209_hh254,0,1,0,1,0,0,0,0,0,2,0,0,0,2,0,0
d158_hh107,0,1,0,1,0,0,0,0,0,1,1,0,1,0,1,0
d39_hh99,0,1,0,1,0,0,0,0,0,1,0,1,0,1,1,0
d128_hh246,0,1,0,1,0,0,0,0,2,0,0,0,1,1,0,0
d41_hh71,0,1,1,0,0,0,0,0,1,0,0,0,0,0,1,0
d123_hh57,0,1,1,0,0,0,0,0,0,0,1,0,0,1,0,0
d90_hh207,0,1,0,0,0,4,2,2,0,0,0,0,1,1,0,0
d56_hh174,0,1,0,1,0,0,0,1,1,0,0,0,0,2,0,0
d86_hh167,1,0,0,1,0,0,0,1,0,1,0,0,0,1,0,0
d57_hh250,0,1,0,1,0,0,0,0,1,1,0,0,0,2,0,0
d78_hh39,0,1,0,1,0,0,0,0,1,0,1,0,0,1,1,0
d5_hh5,0,1,1,0,0,0,0,0,1,0,0,0,0,0,1,0
d18_hh227,0,1,0,1,0,0,0,0,0,0,1,1,1,1,0,0
d149_hh1,0,1,1,0,0,0,0,0,0,1,0,0,0,0,0,1
d95_hh205,0,1,0,0,1,0,0,1,2,0,0,0,0,1,1,0
d8_hh179,1,0,1,0,0,0,0,0,0,1,0,0,0,0,1,0
d141_hh129,0,1,1,0,0,0,0,0,0,0,0,1,0,1,0,0
d62_hh22,0,1,1,0,0,0,0,0,0,1,0,0,0,0,1,0
d121_hh238,1,0,1,0,0,0,0,0,1,0,0,0,0,0,1,0
d166_hh164,0,1,1,0,0,0,0,0,1,0,0,0,0,1,0,0
d131_hh24,0,1,0,1,0,0,0,0,1,0,0,1,1,1,0,0
d91_hh90,0,1,0,1,0,0,0,0,0,1,0,1,0,1,1,0
d108_hh277,1,0,0,0,1,0,1,0,1,1,0,0,0,1,1,0
d67_hh15,0,1,1,0,0,0,0,0,0,1,0,0,0,1,0,0
d98_hh100,0,1,0,1,0,0,0,0,0,1,0,1,0,2,0,0
d31_hh34,0,1,0,1,0,0,0,0,0,2,0,0,0,1,1,0
d69_hh240,0,1,1,0,0,0,0,0,0,0,0,1,0,1,0,0
d79_hh76,1,0,0,1,0,0,0,0,1,0,0,1,0,2,0,0
d64_hh165,1,0,0,1,0,0,0,0,0,1,1,0,0,0,2,0
d195_hh109,0,1,1,0,0,0,0,0,0,0,0,1,1,0,0,0
d117_hh140,0,1,1,0,0,0,0,0,0,0,1,0,0,1,0,0
d54_hh218,0,1,0,0,1,0,1,0,0,2,0,0,0,2,0,0
d208_hh168,0,1,0,1,0,0,0,0,1,1,0,0,1,0,1,0
d19_hh130,0,1,0,1,0,0,0,0,1,0,1,0,0,1,1,0
d29_hh131,0,1,1,0,0,0,0,0,1,0,0,0,0,0,1,0
d126_hh167,0,1,1,0,0,0,0,0,0,0,1,0,0,0,1,0
d162_hh47,0,1,1,0,0,0,0,0,0,0,0,1,0,0,1,0
d132_hh44,0,1,0,1,0,0,0,0,1,1,0,0,0,0,2,0
d48_hh118,0,1,0,1,0,0,0,0,2,0,0,0,0,1,1,0
d15_hh264,0,1,0,1,0,0,0,0,0,1,1,0,2,0,0,0
d4_hh87,0,1,0,1,0,0,0,1,0,1,0,0,0,1,1,0
d148_hh97,1,0,0,1,0,0,0,0,2,0,0,0,0,1,1,0
d39_hh66,0,1,0,1,0,0,0,0,1,1,0,0,0,2,0,0
d107_hh211,1,0,0,1,0,0,0,0,1,1,0,0,0,2,0,0
d152_hh29,0,1,0,1,0,0,0,0,1,0,0,1,1,0,1,0
d11_hh128,0,1,0,1,0,0,0,0,1,1,0,0,0,1,1,0
d66_hh213,0,1,0,1,0,0,0,0,1,1,0,0,0,1,0,1
d124_hh40,0,1,1,0,0,0,0,0,1,0,0,0,0,0,1,0
d210_hh142,0,1,0,1,0,0,0,0,0,1,0,1,0,1,1,0
d59_hh184,0,1,1,0,0,0,0,0,0,1,0,0,0,0,0,1
d54_hh44,0,1,1,0,0,0,0,0,0,0,1,0,0,0,1,0
d177_hh145,0,1,0,1,0,0,0,0,1,0,1,0,0,2,0,0
d87_hh245,0,1,0,1,0,0,0,0,1,1,0,0,0,1,1,0
d204_hh239,0,1,0,0,1,0,0,1,0,2,0,0,0,1,1,0
d86_hh114,1,0,0,1,0,0,0,0,1,1,0,0,0,0,2,0
d188_hh98,1,0,0,1,0,0,1,0,1,0,0,0,0,0,2,0
d173_hh262,0,1,0,1,0,0,0,0,2,0,0,0,0,1,1,0
d57_hh166,0,1,0,1,0,0,0,0,2,0,0,0,0,1,1,0
d102_hh200,0,1,0,1,0,0,0,0,1,0,0,1,1,1,0,0
d66_hh14,0,1,0,1,0,0,0,0,1,0,0,1,0,1,1,0
d83_hh153,0,1,0,0,0,4,0,0,1,1,2,0,2,2,0,0
d189_hh106,1,0,0,1,0,0,1,0,0,0,1,0,1,1,0,0
d182_hh229,0,1,0,0,1,0,1,1,0,1,0,0,0,1,0,0
d60_hh172,1,0,0,1,0,0,0,0,0,1,0,1,0,0,2,0
d128_hh126,0,1,0,1,0,0,0,0,0,1,0,1,0,1,1,0
d209_hh159,0,1,1,0,0,0,0,0,0,0,0,1,0,1,0,0
d45_hh140,1,0,0,1,0,0,0,0,2,0,0,0,0,0,1,1
d49_hh155,1,0,0,1,0,0,0,0,0,2,0,0,0,1,1,0
d3_hh279,1,0,1,0,0,0,0,0,0,0,1,0,0,0,1,0
d75_hh102,0,1,0,1,0,0,0,0,0,1,1,0,1,1,0,0
d143_hh28,0,1,1,0,0,0,1,0,0,0,0,0,1,0,0,0
d103_hh72,1,0,0,1,0,0,0,0,1,0,0,1,0,0,2,0
d97_hh26,0,1,1,0,0,0,0,0,1,0,0,0,0,1,0,0
d213_hh62,0,1,1,0,0,0,0,0,0,1,0,0,0,1,0,0
d185_hh17,1,0,0,1,0,0,0,0,1,0,0,1,0,1,1,0
d133_hh135,0,1,1,0,0,0,0,0,1,0,0,0,0,1,0,0
d207_hh219,0,1,0,1,0,0,0,0,0,1,0,1,0,2,0,0
d197_hh151,0,1,0,1,0,0,0,0,0,2,0,0,0,1,1,0
d100_hh91,0,1,0,1,0,0,0,0,1,1,0,0,1,1,0,0
d15_hh210,0,1,0,1,0,0,0,0,1,0,1,0,0,1,1,0
d64_hh69,1,0,0,1,0,0,1,0,1,0,0,0,0,0,2,0
d133_hh241,0,1,0,1,0,0,0,0,2,0,0,0,0,1,1,0
d119_hh210,0,1,0,1,0,0,0,0,0,0,1,1,1,1,0,0
d85_hh144,0,1,0,1,0,0,0,0,2,0,0,0,1,1,0,0
d91_hh138,0,1,1,0,0,0,0,0,0,1,0,0,0,1,0,0
d59_hh112,0,1,1,0,0,0,0,0,1,0,0,0,1,0,0,0
d130_hh142,0,1,0,1,0,0,0,0,1,1,0,0,0,2,0,0
d46_hh69,0,1,0,1,0,0,0,0,0,1,0,1,1,1,0,0
d93_hh66,0,1,0,1,0,0,0,0,1,0,0,1,0,2,0,0
d147_hh43,0,1,0,1,0,0,0,1,0,0,0,1,0,1,1,0
d166_hh150,0,1,0,1,0,0,0,0,1,1,0,0,0,1,1,0
d151_hh93,1,0,0,1,0,0,0,0,1,0,0,1,0,2,0,0
d30_hh267,0,1,0,1,0,0,0,0,1,1,0,0,1,1,0,0
d57_hh207,0,1,0,1,0,0,0,0,2,0,0,0,0,2,0,0
d44_hh164,0,1,1,0,0,0,0,0,0,1,0,0,0,1,0,0
d54_hh152,0,1,0,1,0,0,0,0,1,0,0,1,0,1,1,0
d209_hh149,0,1,0,1,0,0,0,0,0,0,1,1,0,1,1,0
d89_hh77,1,0,0,1,0,0,0,0,1,1,0,0,0,1,1,0
d145_hh145,1,0,0,1,0,0,0,0,1,0,0,1,0,1,1,0
d187_hh42,0,1,0,1,0,0,0,0,0,1,0,1,0,2,0,0
d70_hh79,1,0,1,0,0,0,0,0,0,1,0,0,0,1,0,0
d167_hh36,1,0,0,1,0,0,1,0,0,1,0,0,0,1,1,0
d21_hh97,0,1,1,0,0,0,0,0,1,0,0,0,1,0,0,0
d2_hh287,0,1,0,0,1,0,0,1,1,1,0,0,0,1,1,0
d65_hh242,0,1,0,1,0,0,0,0,1,0,1,0,0,0,2,0
d207_hh191,0,1,0,1,0,0,0,0,2,0,0,0,1,1,0,0
d64_hh133,1,0,0,1,0,0,0,0,1,1,0,0,1,0,1,0
d163_hh213,0,1,0,1,0,0,0,0,0,0,1,1,0,1,1,0
d118_hh118,0,1,1,0,0,0,0,0,0,0,0,1,0,0,1,0
d196_hh42,1,0,0,1,0,0,0,0,0,0,0,2,0,1,1,0
d130_hh244,0,1,0,1,0,0,0,0,2,0,0,0,0,1,1,0
d41_hh150,0,1,0,1,0,0,0,0,1,1,0,0,1,0,1,0
d158_hh239,0,1,1,0,0,0,0,0,1,0,0,0,0,1,0,0
d169_hh199,0,1,0,1,0,0,0,0,0,2,0,0,1,0,1,0
d23_hh93,0,1,0,1,0,0,0,0,0,1,1,0,0,0,2,0
d213_hh2,0,1,0,1,0,0,1,0,0,0,1,0,0,1,1,0
d187_hh0,0,1,0,1,0,0,0,0,0,1,1,0,0,1,1,0
d188_hh223,1,0,1,0,0,0,0,0,0,1,0,0,0,1,0,0
d104_hh116,0,1,1,0,0,0,0,0,1,0,0,0,1,0,0,0
d40_hh200,0,1,0,1,0,0,0,0,1,0,0,1,0,1,1,0
d120_hh248,0,1,0,1,0,0,1,0,1,0,0,0,0,2,0,0
d118_hh244,0,1,0,1,0,0,0,0,0,0,2,0,1,0,1,0
d44_hh38,0,1,0,1,0,0,0,0,0,2,0,0,0,1,1,0
d131_hh102,0,1,0,1,0,0,0,0,1,0,1,0,0,1,1,0
d61_hh41,0,1,0,1,0,0,0,0,1,0,0,1,1,0,1,0
d43_hh125,0,1,0,0,0,4,0,0,1,1,1,1,0,2,2,0
d167_hh120,1,0,1,0,0,0,0,0,0,1,0,0,0,1,0,0
d49_hh237,1,0,0,0,1,0,0,1,1,1,0,0,1,0,1,0
d186_hh185,0,1,0,1,0,0,1,0,0,1,0,0,0,1,1,0
d185_hh70,1,0,0,1,0,0,0,0,1,1,0,0,0,0,2,0
d22_hh225,1,0,0,1,0,0,0,1,0,0,0,1,0,0,2,0
d46_hh53,0,1,0,1,0,0,0,0,2,0,0,0,0,1,0,1
d196_hh60,1,0,0,1,0,0,0,0,1,1,0,0,0,1,1,0
d169_hh216,0,1,0,0,1,0,1,0,1,1,0,0,0,0,2,0
d182_hh39,0,1,1,0,0,0,0,0,0,0,1,0,0,1,0,0
d170_hh117,0,1,0,1,0,0,0,0,2,0,0,0,1,1,0,0
d50_hh272,0,1,0,1,0,0,0,0,0,1,0,1,0,1,1,0
d84_hh15,1,0,0,1,0,0,0,0,1,1,0,0,0,1,1,0
d33_hh58,0,1,0,1,0,0,0,0,0,1,1,0,0,1,1,0
d200_hh77,0,1,0,1,0,0,0,0,2,0,0,0,0,0,2,0
d93_hh18,0,1,1,0,0,0,0,0,0,1,0,0,0,1,0,0
d34_hh77,0,1,0,1,0,0,0,0,0,2,0,0,0,2,0,0
d136_hh186,1,0,0,1,0,0,1,0,0,1,0,0,0,1,0,1
d95_hh164,0,1,0,1,0,0,0,0,2,0,0,0,0,2,0,0
d75_hh216,0,1,0,1,0,0,0,0,1,1,0,0,0,1,1,0
d46_hh194,0,1,1,0,0,0,0,0,0,0,1,0,1,0,0,0
d151_hh194,1,0,0,1,0,0,0,0,0,1,1,0,0,1,0,1
d54_hh57,0,1,1,0,0,0,0,0,0,0,0,1,0,0,1,0
d42_hh58,0,1,0,1,0,0,0,0,0,1,1,0,0,0,1,1
d4_hh202,0,1,1,0,0,0,0,0,1,0,0,0,0,0,1,0
d131_hh205,0,1,1,0,0,0,0,0,1,0,0,0,0,1,0,0
d45_hh183,1,0,0,1,0,0,0,0,0,2,0,0,0,2,0,0
d85_hh184,0,1,0,0,1,0,0,1,2,0,0,0,0,2,0,0
d128_hh28,0,1,1,0,0,0,0,0,1,0,0,0,0,0,1,0
d40_hh152,0,1,1,0,0,0,0,0,1,0,0,0,0,0,1,0
d10_hh110,1,0,0,1,0,0,0,0,1,1,0,0,1,1,0,0
d28_hh124,1,0,0,1,0,0,0,0,1,1,0,0,0,1,1,0
d182_hh195,0,1,0,1,0,0,0,0,2,0,0,0,0,1,1,0
d125_hh135,0,1,0,1,0,0,0,0,1,1,0,0,0,1,0,1
d174_hh42,0,1,0,1,0,0,0,0,1,0,1,0,0,1,1,0
d31_hh139,0,1,0,1,0,0,0,0,1,0,1,0,0,2,0,0
d6_hh77,1,0,0,1,0,0,0,0,1,0,0,1,0,1,1,0
d119_hh177,0,1,0,1,0,0,0,1,0,1,0,0,0,1,1,0
d2_hh68,0,1,0,1,0,0,0,0,0,0,0,2,0,1,1,0
d79_hh182,1,0,0,1,0,0,0,0,1,1,0,0,0,0,2,0
d107_hh143,1,0,0,1,0,0,0,0,2,0,0,0,1,0,1,0
d179_hh1,0,1,0,1,0,0,0,0,1,0,0,1,0,1,1,0
d151_hh146,1,0,0,1,0,0,0,0,1,1,0,0,1,1,0,0
d34_hh160,0,1,0,1,0,0,0,0,1,1,0,0,0,1,1,0
d174_hh242,0,1,1,0,0,0,1,0,0,0,0,0,0,1,0,0
d91_hh21,0,1,0,0,1,0,0,2,0,0,1,0,0,2,0,0
d49_hh149,1,0,0,0,1,0,1,1,0,1,0,0,0,1,1,0
d200_hh261,0,1,1,0,0,0,0,0,0,1,0,0,0,1,0,0
d96_hh145,0,1,0,1,0,0,0,0,1,1,0,0,0,1,1,0
d148_hh82,1,0,1,0,0,0,0,0,0,0,0,1,0,1,0,0
d192_hh0,1,0,0,1,0,0,0,1,1,0,0,0,0,1,1,0
d87_hh156,0,1,0,1,0,0,0,0,1,1,0,0,0,1,0,1
d145_hh150,1,0,1,0,0,0,0,0,0,0,0,1,0,0,1,0
d62_hh251,0,1,1,0,0,0,0,0,0,0,1,0,0,1,0,0
d194_hh224,1,0,1,0,0,0,1,0,0,0,0,0,0,0,1,0
d17_hh228,0,1,0,1,0,0,0,0,1,0,1,0,1,0,1,0
d155_hh210,0,1,0,1,0,0,0,0,1,1,0,0,0,1,1,0
d55_hh254,0,1,1,0,0,0,0,0,1,0,0,0,0,0,1,0
d52_hh115,0,1,0,1,0,0,0,0,2,0,0,0,2,0,0,0
d199_hh49,0,1,0,0,0,5,3,1,1,0,0,0,0,0,2,0
d192_hh169,1,0,1,0,0,0,0,0,0,1,0,0,0,0,1,0
d123_hh84,0,1,0,1,0,0,0,0,2,0,0,0,0,1,1,0
d119_hh64,0,1,0,0,1,0,0,1,1,1,0,0,1,1,0,0
d143_hh241,0,1,0,1,0,0,0,0,1,1,0,0,0,1,1,0
d30_hh130,0,1,0,1,0,0,0,0,1,1,0,0,0,1,1,0
d144_hh285,1,0,0,1,0,0,1,0,1,0,0,0,0,0,2,0
d49_hh245,1,0,0,0,1,0,1,0,2,0,0,0,0,0,2,0
d152_hh168,0,1,1,0,0,0,0,0,0,1,0,0,0,1,0,0
d19_hh38,0,1,0,1,0,0,0,0,1,0,0,1,0,1,1,0
d172_hh1,1,0,0,1,0,0,0,0,1,1,0,0,0,2,0,0
d54_hh189,0,1,0,1,0,0,0,0,0,1,0,1,0,2,0,0
d54_hh222,0,1,0,0,0,4,2,0,0,2,0,0,1,1,0,0
d27_hh133,1,0,1,0,0,0,0,0,0,0,1,0,1,0,0,0
d154_hh2,0,1,0,1,0,0,0,0,0,1,1,0,0,0,2,0
d29_hh85,0,1,0,1,0,0,0,0,1,1,0,0,0,2,0,0
d213_hh252,0,1,1,0,0,0,0,0,0,0,1,0,0,1,0,0
d74_hh107,0,1,0,1,0,0,0,0,0,1,0,1,0,2,0,0
d194_hh13,1,0,1,0,0,0,0,0,1,0,0,0,0,0,0,1
d202_hh205,0,1,0,1,0,0,0,0,0,1,0,1,1,1,0,0
d88_hh195,0,1,0,1,0,0,0,0,2,0,0,0,0,0,2,0
d98_hh223,0,1,0,1,0,0,0,0,0,1,0,1,0,0,1,1
d149_hh14,0,1,0,1,0,0,0,0,1,0,1,0,1,1,0,0
d114_hh219,0,1,0,1,0,0,0,0,2,0,0,0,0,2,0,0
d213_hh247,0,1,0,1,0,0,0,0,0,1,0,1,0,2,0,0
d72_hh208,0,1,0,1,0,0,0,0,1,0,1,0,0,2,0,0
d42_hh185,0,1,1,0,0,0,0,0,0,0,1,0,0,0,1,0
d166_hh239,0,1,0,1,0,0,0,0,1,1,0,0,0,1,1,0
d96_hh110,0,1,0,1,0,0,0,0,2,0,0,0,1,0,1,0
d98_hh177,0,1,0,1,0,0,0,0,2,0,0,0,0,0,2,0
d184_hh238,0,1,1,0,0,0,0,0,0,0,0,1,0,1,0,0
d209_hh219,0,1,0,1,0,0,0,0,0,2,0,0,1,1,0,0
d187_hh7,0,1,0,1,0,0,0,0,0,1,0,1,0,2,0,0
d74_hh142,0,1,0,1,0,0,0,0,1,1,0,0,0,2,0,0
d202_hh264,0,1,1,0,0,0,0,0,0,1,0,0,0,1,0,0
d171_hh23,0,1,0,1,0,0,0,0,2,0,0,0,1,1,0,0
d52_hh33,0,1,0,1,0,0,0,0,1,1,0,0,0,1,1,0
d181_hh267,1,0,0,1,0,0,0,0,2,0,0,0,0,0,1,1
d147_hh54,0,1,1,0,0,0,0,0,0,0,1,0,1,0,0,0
d113_hh175,0,1,1,0,0,0,0,0,0,0,0,1,0,1,0,0
d46_hh245,0,1,0,0,0,4,0,0,1,1,2,0,0,3,1,0
d3_hh98,1,0,0,1,0,0,0,0,1,0,1,0,0,1,1,0
d211_hh181,1,0,0,1,0,0,0,1,0,1,0,0,0,0,2,0
d210_hh200,0,1,0,1,0,0,0,0,2,0,0,0,0,1,1,0
d12_hh23,0,1,0,0,1,0,1,1,0,0,0,1,0,1,1,0
d27_hh16,1,0,1,0,0,0,1,0,0,0,0,0,1,0,0,0
d100_hh48,0,1,1,0,0,0,0,0,0,0,1,0,1,0,0,0
d109_hh67,0,1,0,1,0,0,0,0,2,0,0,0,0,1,1,0
d57_hh286,0,1,0,0,1,0,1,0,0,2,0,0,0,2,0,0
d35_hh2,0,1,0,1,0,0,0,0,1,0,1,0,0,0,2,0
d171_hh88,0,1,1,0,0,0,0,0,1,0,0,0,0,1,0,0
d103_hh115,1,0,0,1,0,0,0,0,1,0,1,0,0,2,0,0
d63_hh98,1,0,0,1,0,0,0,0,0,2,0,0,0,1,1,0
d62_hh98,0,1,0,1,0,0,1,0,0,1,0,0,0,1,1,0
d50_hh249,0,1,1,0,0,0,0,0,0,1,0,0,0,0,1,0
d171_hh71,0,1,0,1,0,0,0,0,1,0,0,1,0,0,1,1
d129_hh122,0,1,0,1,0,0,0,0,1,1,0,0,1,1,0,0
d201_hh86,1,0,0,1,0,0,0,0,2,0,0,0,0,1,0,1
d108_hh127,1,0,1,0,0,0,0,0,0,1,0,0,0,1,0,0
d138_hh82,0,1,0,1,0,0,0,0,2,0,0,0,0,2,0,0
d79_hh93,1,0,0,1,0,0,0,0,1,0,0,1,0,1,1,0
d193_hh138,0,1,0,1,0,0,0,0,1,1,0,0,0,2,0,0
d102_hh201,0,1,0,1,0,0,0,0,1,0,0,1,0,2,0,0
d123_hh129,0,1,0,1,0,0,0,0,0,2,0,0,0,1,1,0
d65_hh101,0,1,0,1,0,0,0,0,1,0,0,1,0,1,1,0
d195_hh47,0,1,0,1,0,0,0,0,1,1,0,0,0,1,1,0
d27_hh65,1,0,0,1,0,0,0,0,1,0,0,1,1,0,1,0
d103_hh264,1,0,1,0,0,0,0,0,1,0,0,0,0,1,0,0
d56_hh262,0,1,1,0,0,0,0,0,0,0,0,1,0,1,0,0
d136_hh236,1,0,0,0,0,5,1,3,1,0,0,0,0,0,2,0
d159_hh64,0,1,0,0,1,0,1,1,0,1,0,0,0,1,0,0
d206_hh151,1,0,0,1,0,0,0,0,0,2,0,0,0,0,1,1
d9_hh56,1,0,0,1,0,0,0,0,2,0,0,0,0,1,1,0
d200_hh21,0,1,0,1,0,0,0,0,1,0,0,1,0,1,1,0
d23_hh156,0,1,1,0,0,0,0,0,1,0,0,0,0,0,1,0
d95_hh56,0,1,0,1,0,0,0,0,0,0,1,1,0,2,0,0
d20_hh166,0,1,0,1,0,0,0,0,1,1,0,0,1,1,0,0
d115_hh196,1,0,0,1,0,0,0,1,0,1,0,0,0,1,0,0
d214_hh210,0,1,0,1,0,0,0,0,1,0,0,1,0,1,1,0
d206_hh283,1,0,0,0,1,0,0,1,1,1,0,0,0,1,1,0
d74_hh243,0,1,1,0,0,0,0,0,0,1,0,0,0,0,1,0
d50_hh7,0,1,0,1,0,0,0,0,1,0,0,1,1,0,1,0
d9_hh97,1,0,0,1,0,0,0,1,0,0,0,1,1,1,0,0
d123_hh160,0,1,0,1,0,0,0,0,0,0,2,0,0,1,1,0
d119_hh95,0,1,0,1,0,0,0,0,0,1,1,0,0,0,2,0
d135_hh17,0,1,0,1,0,0,0,0,0,1,1,0,0,0,2,0
d195_hh19,0,1,1,0,0,0,0,0,0,0,1,0,0,1,0,0
d57_hh16,0,1,0,1,0,0,0,0,1,1,0,0,0,2,0,0
d134_hh223,0,1,0,1,0,0,0,0,1,0,0,1,0,1,0,1
d193_hh248,0,1,0,1,0,0,0,0,0,1,0,1,0,2,0,0
d52_hh165,0,1,0,1,0,0,0,0,0,0,1,1,0,1,1,0
d105_hh238,1,0,1,0,0,0,0,0,0,1,0,0,0,1,0,0
d88_hh36,0,1,0,1,0,0,0,0,1,1,0,0,0,1,0,1
d104_hh270,0,1,0,1,0,0,0,0,1,0,0,1,0,2,0,0
d23_hh233,0,1,0,1,0,0,0,0,1,1,0,0,0,1,0,1
d25_hh250,1,0,0,1,0,0,0,1,1,0,0,0,0,1,1,0
d192_hh28,1,0,0,1,0,0,0,0,1,0,1,0,0,1,1,0
d169_hh225,0,1,0,1,0,0,0,0,0,2,0,0,0,0,2,0
d24_hh176,0,1,0,1,0,0,0,0,1,1,0,0,0,1,1,0
d204_hh87,0,1,1,0,0,0,0,0,0,0,1,0,0,1,0,0
d192_hh159,1,0,0,1,0,0,0,1,0,0,1,0,0,0,2,0
d122_hh144,0,1,0,0,0,5,0,0,0,0,4,1,1,2,2,0
d9_hh176,1,0,0,1,0,0,0,0,1,1,0,0,0,0,2,0
d131_hh180,0,1,1,0,0,0,0,0,1,0,0,0,0,0,1,0
d125_hh3,0,1,0,1,0,0,1,0,1,0,0,0,0,2,0,0
d160_hh0,0,1,0,1,0,0,0,0,1,0,1,0,0,2,0,0
d22_hh219,1,0,0,0,1,0,1,0,1,1,0,0,1,0,1,0
d102_hh179,0,1,0,1,0,0,0,0,2,0,0,0,0,2,0,0
d42_hh202,0,1,1,0,0,0,0,0,0,0,0,1,0,1,0,0
d24_hh92,0,1,1,0,0,0,0,0,0,0,0,1,0,0,1,0
d178_hh134,0,1,0,0,0,4,0,0,0,0,2,2,0,3,1,0
d74_hh15,0,1,1,0,0,0,0,1,0,0,0,0,0,1,0,0
d49_hh131,1,0,1,0,0,0,0,0,0,1,0,0,0,0,1,0
d165_hh94,0,1,0,1,0,0,0,0,0,1,1,0,1,1,0,0
d158_hh86,0,1,0,1,0,0,0,1,1,0,0,0,0,1,1,0
d150_hh207,0,1,0,1,0,0,0,0,1,1,0,0,1,0,1,0
d101_hh155,0,1,0,0,1,0,0,1,1,1,0,0,0,1,1,0
d59_hh243,0,1,0,1,0,0,0,0,0,0,1,1,0,1,1,0
d206_hh74,1,0,0,1,0,0,0,0,1,0,1,0,0,1,1,0
d73_hh184,0,1,0,1,0,0,0,0,2,0,0,0,0,2,0,0
d166_hh24,0,1,0,1,0,0,0,0,0,1,1,0,0,1,1,0
d122_hh231,0,1,0,1,0,0,0,0,1,1,0,0,0,1,0,1
d181_hh63,1,0,1,0,0,0,0,0,1,0,0,0,0,1,0,0
d114_hh66,0,1,0,1,0,0,0,0,0,0,1,1,0,2,0,0
d98_hh84,0,1,0,1,0,0,0,0,2,0,0,0,0,2,0,0
d120_hh161,0,1,0,1,0,0,0,0,0,1,0,1,1,0,1,0
d103_hh53,1,0,1,0,0,0,0,0,1,0,0,0,0,1,0,0
d55_hh94,0,1,1,0,0,0,0,0,0,0,1,0,0,0,1,0
d206_hh256,1,0,0,1,0,0,0,0,1,1,0,0,0,1,1,0
d174_hh213,0,1,0,1,0,0,0,0,0,1,0,1,1,1,0,0
d74_hh257,0,1,0,1,0,0,0,0,2,0,0,0,0,1,1,0
d198_hh152,0,1,1,0,0,0,0,0,0,1,0,0,0,1,0,0
d108_hh195,1,0,0,0,1,0,1,1,1,0,0,0,0,0,2,0
d64_hh137,1,0,0,1,0,0,0,0,1,1,0,0,0,2,0,0
d90_hh151,0,1,0,1,0,0,0,0,2,0,0,0,0,1,0,1
d114_hh47,0,1,0,0,1,0,1,0,1,1,0,0,0,1,1,0
d70_hh188,1,0,0,1,0,0,0,1,1,0,0,0,0,1,0,0
d203_hh30,1,0,1,0,0,0,1,0,0,0,0,0,0,0,0,1
d10_hh60,1,0,0,0,0,6,1,3,1,1,0,0,1,1,0,0
d78_hh223,0,1,0,1,0,0,0,0,0,1,1,0,0,0,2,0
d145_hh212,1,0,0,1,0,0,0,1,0,0,0,1,1,0,1,0
d57_hh216,0,1,0,1,0,0,0,0,1,1,0,0,0,1,1,0
d84_hh220,1,0,1,0,0,0,0,0,0,1,0,0,0,1,0,0
d213_hh125,0,1,0,1,0,0,0,0,1,0,0,1,0,2,0,0
d173_hh163,0,1,0,1,0,0,0,0,1,1,0,0,0,2,0,0
d178_hh191,0,1,1,0,0,0,0,0,0,0,0,1,0,0,1,0
d73_hh242,0,1,0,0,1,0,0,1,1,1,0,0,0,1,0,1
d22_hh155,1,0,0,1,0,0,0,0,0,0,1,1,0,0,2,0
d39_hh154,0,1,0,1,0,0,0,0,1,0,0,1,0,0,2,0
d50_hh217,0,1,0,1,0,0,0,0,1,1,0,0,1,0,1,0
d38_hh159,0,1,0,1,0,0,0,0,2,0,0,0,0,0,2,0
d51_hh151,0,1,1,0,0,0,0,0,0,0,0,1,0,0,1,0
d111_hh227,0,1,0,1,0,0,0,0,1,1,0,0,1,0,0,1
d214_hh13,0,1,0,1,0,0,0,0,1,1,0,0,1,0,1,0
d15_hh103,0,1,0,1,0,0,0,0,0,0,1,1,1,1,0,0
d107_hh0,1,0,0,0,1,0,1,1,0,1,0,0,0,0,1,0
d2_hh173,0,1,0,1,0,0,0,0,1,0,1,0,0,1,1,0
d126_hh207,0,1,0,1,0,0,0,0,1,0,0,1,1,1,0,0
d70_hh243,1,0,0,1,0,0,0,1,0,1,0,0,1,0,1,0
d10_hh46,1,0,0,1,0,0,0,0,0,0,2,0,1,1,0,0
d126_hh4,0,1,0,1,0,0,0,0,1,0,0,1,0,1,1,0
d30_hh58,0,1,1,0,0,0,0,0,1,0,0,0,0,1,0,0
d98_hh245,0,1,0,1,0,0,0,0,1,1,0,0,0,2,0,0
d189_hh80,1,0,1,0,0,0,0,0,0,0,1,0,0,0,1,0
d184_hh158,0,1,0,1,0,0,0,0,1,0,1,0,0,2,0,0
d31_hh127,0,1,0,0,0,4,0,0,1,1,0,2,0,3,1,0
d100_hh145,0,1,1,0,0,0,0,0,1,0,0,0,0,1,0,0
d213_hh178,0,1,0,1,0,0,0,0,0,2,0,0,0,2,0,0
d17_hh210,0,1,1,0,0,0,0,0,1,0,0,0,0,1,0,0
d72_hh42,0,1,1,0,0,0,0,0,0,1,0,0,0,0,1,0
d148_hh98,1,0,1,0,0,0,0,0,0,0,1,0,0,0,1,0
d127_hh89,0,1,0,1,0,0,0,0,0,0,1,1,0,1,1,0
d105_hh161,1,0,1,0,0,0,0,0,0,0,1,0,0,0,1,0
d103_hh172,1,0,0,1,0,0,0,0,2,0,0,0,0,1,1,0
d123_hh119,0,1,0,1,0,0,0,0,0,1,0,1,0,1,1,0
d147_hh169,0,1,1,0,0,0,0,0,0,0,1,0,0,1,0,0
d201_hh21,1,0,0,1,0,0,0,0,1,1,0,0,0,0,1,1
d198_hh188,0,1,0,1,0,0,0,0,1,0,0,1,0,2,0,0
d208_hh253,0,1,0,1,0,0,0,0,2,0,0,0,1,0,1,0
d178_hh272,0,1,0,1,0,0,0,0,1,1,0,0,0,2,0,0
d41_hh206,0,1,0,1,0,0,0,0,1,0,0,1,0,2,0,0
d107_hh6,1,0,1,0,0,0,0,0,0,0,0,1,0,1,0,0
d103_hh175,1,0,0,1,0,0,0,0,1,1,0,0,0,0,2,0
d63_hh157,1,0,0,1,0,0,1,0,0,1,0,0,0,2,0,0
d133_hh111,0,1,0,1,0,0,0,0,1,0,0,1,0,1,1,0
d90_hh233,0,1,0,1,0,0,0,0,2,0,0,0,0,2,0,0
d107_hh260,1,0,0,1,0,0,0,0,1,0,1,0,0,0,2,0
d161_hh21,0,1,0,1,0,0,0,0,0,0,2,0,1,0,1,0
d91_hh199,0,1,1,0,0,0,0,0,1,0,0,0,0,0,1,0
d80_hh236,0,1,0,1,0,0,0,0,1,0,1,0,0,1,1,0
d64_hh45,1,0,1,0,0,0,0,0,0,1,0,0,0,1,0,0
d204_hh56,0,1,0,1,0,0,0,0,0,1,0,1,0,1,1,0
d75_hh25,0,1,1,0,0,0,0,0,0,1,0,0,0,1,0,0
d45_hh282,1,0,0,1,0,0,0,0,0,1,0,1,0,2,0,0
d151_hh1,1,0,0,1,0,0,0,0,1,1,0,0,0,0,1,1
d213_hh211,0,1,0,1,0,0,0,0,1,1,0,0,0,2,0,0
d51_hh231,0,1,0,1,0,0,1,0,0,0,0,1,0,0,2,0
d104_hh175,0,1,1,0,0,0,0,0,0,0,0,1,0,1,0,0
d22_hh0,1,0,0,1,0,0,1,0,0,1,0,0,0,0,2,0
d178_hh58,0,1,0,1,0,0,0,0,0,1,1,0,0,1,1,0
d194_hh102,1,0,0,1,0,0,0,0,1,1,0,0,0,1,1,0
d2_hh180,0,1,0,1,0,0,0,0,0,1,1,0,0,1,1,0
d205_hh196,0,1,0,0,1,0,0,0,1,1,1,0,0,2,1,0
d182_hh149,0,1,0,1,0,0,0,0,0,0,1,1,0,1,1,0
d139_hh214,0,1,0,1,0,0,0,0,0,1,1,0,0,1,0,1
d155_hh18,0,1,0,1,0,0,0,0,2,0,0,0,0,1,1,0
d39_hh67,0,1,1,0,0,0,0,0,0,0,1,0,0,1,0,0
d15_hh22,0,1,1,0,0,0,0,0,0,1,0,0,0,0,1,0
d7_hh257,0,1,0,1,0,0,0,0,0,2,0,0,1,1,0,0
d94_hh137,1,0,1,0,0,0,0,0,1,0,0,0,0,1,0,0
d164_hh123,0,1,0,1,0,0,0,0,1,1,0,0,0,2,0,0
d97_hh156,0,1,0,1,0,0,0,0,0,1,1,0,0,1,1,0
d36_hh94,0,1,0,1,0,0,0,0,0,1,0,1,0,0,2,0
d4_hh65,0,1,0,1,0,0,0,0,0,0,1,1,1,0,1,0
d193_hh85,0,1,0,1,0,0,0,0,1,1,0,0,0,1,0,1
d196_hh34,1,0,1,0,0,0,0,0,0,1,0,0,0,1,0,0
d56_hh4,0,1,0,0,1,0,0,1,2,0,0,0,0,2,0,0
d4_hh80,0,1,0,1,0,0,0,0,0,1,0,1,0,2,0,0
d2_hh217,0,1,1,0,0,0,0,0,0,0,0,1,0,0,1,0
d75_hh227,0,1,0,1,0,0,0,0,1,1,0,0,0,1,1,0
d115_hh51,1,0,1,0,0,0,0,1,0,0,0,0,0,0,0,1
d123_hh104,0,1,0,0,1,0,0,1,0,2,0,0,0,2,0,0
d67_hh209,0,1,0,0,1,0,0,1,2,0,0,0,0,1,1,0
d80_hh186,0,1,0,1,0,0,0,0,0,2,0,0,0,1,1,0
d21_hh90,0,1,0,1,0,0,0,0,2,0,0,0,0,2,0,0
d35_hh263,0,1,0,1,0,0,0,0,2,0,0,0,1,1,0,0
d160_hh88,0,1,0,1,0,0,0,0,1,1,0,0,0,1,1,0
d119_hh222,0,1,0,1,0,0,0,0,1,0,0,1,0,1,1,0
d71_hh169,1,0,0,1,0,0,0,0,2,0,0,0,0,2,0,0
d16_hh294,0,1,1,0,0,0,0,0,0,1,0,0,0,0,1,0
d60_hh165,1,0,0,1,0,0,0,0,0,2,0,0,0,1,1,0
d108_hh40,1,0,0,1,0,0,1,0,0,1,0,0,0,0,2,0
d70_hh85,1,0,0,1,0,0,0,1,0,1,0,0,0,0,2,0
d120_hh269,0,1,0,1,0,0,0,0,0,1,0,1,0,1,1,0
d53_hh147,0,1,0,1,0,0,0,0,1,1,0,0,0,1,1,0
d214_hh70,0,1,0,1,0,0,0,0,1,1,0,0,0,0,2,0
d109_hh88,0,1,0,1,0,0,0,0,2,0,0,0,0,2,0,0
d36_hh226,0,1,0,0,0,4,0,2,1,1,0,0,0,2,0,0
d27_hh145,1,0,1,0,0,0,0,0,0,0,1,0,0,1,0,0
d202_hh90,0,1,1,0,0,0,0,0,0,0,1,0,0,1,0,0
d165_hh107,0,1,0,1,0,0,0,0,2,0,0,0,0,1,1,0
