hh_id,location_urban,location_rural,hh_size1,hh_size2,hh_size3,hh_size4,m_0_to_29,f_0_to_29,m_30_to_59,f_30_to_59,m_gt_60,f_gt_60,edu_non,edu_low,edu_middle,edu_high
d80_hh6,0,1,0,1,0,0,0,0,1,1,0,0,0,1,1,0
d41_hh53,0,1,0,1,0,0,0,0,0,1,1,0,0,2,0,0
d55_hh190,0,1,0,1,0,0,0,0,1,1,0,0,1,1,0,0
d84_hh161,1,0,1,0,0,0,0,0,0,1,0,0,0,1,0,0
d74_hh108,0,1,0,0,0,4,0,0,2,0,0,2,1,2,1,0
d70_hh171,1,0,0,0,1,0,1,1,1,0,0,0,0,0,2,0
d100_hh65,0,1,1,0,0,0,0,0,0,1,0,0,0,1,0,0
d196_hh190,1,0,0,1,0,0,0,0,1,0,1,0,1,1,0,0
d137_hh109,0,1,1,0,0,0,0,0,0,1,0,0,0,1,0,0
d144_hh196,1,0,0,1,0,0,0,0,2,0,0,0,0,2,0,0
d158_hh146,0,1,0,1,0,0,0,0,0,1,1,0,0,1,1,0
d74_hh109,0,1,1,0,0,0,0,0,1,0,0,0,0,1,0,0
d94_hh253,1,0,0,1,0,0,1,0,1,0,0,0,0,0,2,0
d116_hh6,1,0,1,0,0,0,0,0,0,0,1,0,0,1,0,0
d135_hh219,0,1,0,1,0,0,0,0,0,2,0,0,0,2,0,0
d139_hh164,0,1,1,0,0,0,0,0,0,1,0,0,0,1,0,0
d83_hh67,0,1,1,0,0,0,0,0,1,0,0,0,0,1,0,0
d92_hh91,1,0,0,1,0,0,0,0,2,0,0,0,0,0,2,0
d129_hh94,0,1,0,1,0,0,0,0,0,0,1,1,0,2,0,0
d44_hh127,0,1,0,1,0,0,0,0,1,0,1,0,1,1,0,0
d200_hh51,0,1,0,1,0,0,0,0,1,0,1,0,0,1,1,0
d142_hh108,1,0,0,1,0,0,0,0,1,0,1,0,1,1,0,0
d18_hh80,0,1,0,0,1,0,0,1,2,0,0,0,0,1,1,0
d116_hh36,1,0,1,0,0,0,0,0,0,0,1,0,0,1,0,0
d126_hh156,0,1,0,0,1,0,2,0,1,0,0,0,0,1,1,0
d212_hh252,1,0,0,0,1,0,2,0,1,0,0,0,0,1,1,0
d6_hh130,1,0,0,1,0,0,0,0,2,0,0,0,0,2,0,0
d69_hh274,0,1,0,1,0,0,1,0,0,1,0,0,1,1,0,0
d109_hh209,0,1,0,1,0,0,0,0,0,1,0,1,1,1,0,0
d88_hh3,0,1,0,1,0,0,0,0,1,0,0,1,0,2,0,0
d100_hh164,0,1,1,0,0,0,0,0,0,0,1,0,0,1,0,0
d169_hh115,0,1,0,1,0,0,0,0,1,1,0,0,0,2,0,0
d60_hh107,1,0,1,0,0,0,0,0,0,0,0,1,0,0,1,0
d117_hh245,0,1,0,1,0,0,0,0,1,1,0,0,0,0,2,0
d21_hh16,0,1,1,0,0,0,0,0,0,0,1,0,0,0,1,0
d190_hh32,0,1,0,0,0,4,1,1,1,1,0,0,1,1,0,0
d214_hh166,0,1,0,1,0,0,0,0,0,2,0,0,0,0,2,0
d141_hh152,0,1,0,1,0,0,0,0,2,0,0,0,1,0,1,0
d43_hh27,0,1,0,1,0,0,0,0,1,0,1,0,1,0,1,0
d176_hh85,1,0,1,0,0,0,0,0,1,0,0,0,0,1,0,0
d66_hh193,0,1,0,1,0,0,0,0,0,1,0,1,0,2,0,0
d55_hh246,0,1,0,1,0,0,0,0,1,0,0,1,0,2,0,0
d62_hh167,0,1,0,1,0,0,0,0,2,0,0,0,1,0,1,0
d204_hh158,0,1,0,1,0,0,0,0,1,0,1,0,0,2,0,0
d47_hh128,1,0,0,1,0,0,0,0,1,1,0,0,0,0,2,0
d136_hh192,1,0,1,0,0,0,0,0,0,1,0,0,0,0,1,0
d187_hh291,0,1,0,1,0,0,0,0,1,0,1,0,0,1,1,0
d50_hh90,0,1,1,0,0,0,0,0,0,1,0,0,0,0,1,0
d93_hh80,0,1,0,1,0,0,0,0,0,2,0,0,0,2,0,0
d126_hh233,0,1,0,1,0,0,0,0,0,1,1,0,0,1,1,0
d150_hh8,0,1,0,0,1,0,0,0,1,1,0,1,0,1,2,0
d79_hh227,1,0,1,0,0,0,0,0,1,0,0,0,0,1,0,0
d186_hh175,0,1,0,1,0,0,0,0,0,2,0,0,0,2,0,0
d82_hh41,0,1,0,1,0,0,0,0,0,1,1,0,0,2,0,0
d119_hh50,0,1,1,0,0,0,0,0,1,0,0,0,0,1,0,0
d103_hh205,1,0,0,1,0,0,0,0,1,1,0,0,0,1,1,0
d110_hh172,0,1,0,1,0,0,0,0,0,2,0,0,0,2,0,0
d10_hh167,1,0,0,1,0,0,0,0,1,0,0,1,0,1,1,0
d210_hh87,0,1,0,1,0,0,0,0,1,1,0,0,0,1,1,0
d128_hh273,0,1,0,1,0,0,0,0,0,1,1,0,0,1,1,0
d156_hh181,0,1,0,1,0,0,0,0,0,1,1,0,0,2,0,0
d118_hh88,0,1,0,1,0,0,0,0,1,0,1,0,0,1,1,0
d179_hh242,0,1,0,1,0,0,0,0,1,0,1,0,0,2,0,0
d152_hh187,0,1,0,1,0,0,0,0,2,0,0,0,0,0,2,0
d59_hh162,0,1,0,1,0,0,0,0,1,0,1,0,0,1,1,0
d108_hh241,1,0,0,1,0,0,0,1,0,1,0,0,0,0,2,0
d70_hh110,1,0,1,0,0,0,0,1,0,0,0,0,1,0,0,0
d196_hh215,1,0,1,0,0,0,0,0,0,1,0,0,0,1,0,0
d76_hh193,1,0,0,1,0,0,0,0,2,0,0,0,0,0,2,0
d7_hh124,0,1,0,1,0,0,0,0,0,1,0,1,1,1,0,0
d187_hh16,0,1,1,0,0,0,0,0,0,1,0,0,0,1,0,0
d107_hh7,1,0,1,0,0,0,1,0,0,0,0,0,0,0,1,0
d112_hh176,0,1,0,1,0,0,0,0,1,1,0,0,1,0,1,0
d138_hh10,0,1,0,1,0,0,0,0,0,1,1,0,0,1,1,0
d28_hh253,1,0,0,0,1,0,1,1,1,0,0,0,1,0,1,0
d204_hh173,0,1,0,1,0,0,0,0,0,2,0,0,0,2,0,0
d142_hh269,1,0,0,1,0,0,1,0,0,1,0,0,0,1,0,0
d214_hh184,0,1,1,0,0,0,0,0,0,0,0,1,0,1,0,0
d11_hh244,0,1,0,1,0,0,0,0,0,1,0,1,0,2,0,0
d195_hh97,0,1,0,1,0,0,0,0,1,1,0,0,0,0,2,0
d22_hh190,1,0,0,1,0,0,0,0,1,1,0,0,0,0,2,0
d116_hh118,1,0,0,1,0,0,0,0,1,1,0,0,0,1,1,0
d88_hh191,0,1,0,1,0,0,0,0,2,0,0,0,0,2,0,0
d70_hh76,1,0,0,1,0,0,0,1,0,0,1,0,0,1,1,0
d128_hh43,0,1,1,0,0,0,0,0,0,0,0,1,0,1,0,0
d5_hh117,0,1,0,0,0,4,1,1,1,1,0,0,1,0,1,0
d153_hh26,1,0,0,1,0,0,0,0,0,1,1,0,1,0,1,0
d108_hh230,1,0,0,0,1,0,1,1,1,0,0,0,0,0,2,0
d122_hh181,0,1,0,1,0,0,0,0,0,1,1,0,1,1,0,0
d76_hh187,1,0,0,1,0,0,0,0,1,1,0,0,0,1,1,0
d154_hh157,0,1,0,1,0,0,0,0,2,0,0,0,1,0,1,0
d112_hh155,0,1,0,1,0,0,0,0,0,2,0,0,1,1,0,0
d179_hh267,0,1,0,1,0,0,0,0,0,1,1,0,1,1,0,0
d214_hh171,0,1,0,1,0,0,0,0,2,0,0,0,0,1,1,0
d118_hh262,0,1,0,0,1,0,1,0,0,2,0,0,0,1,1,0
d15_hh97,0,1,0,0,0,4,0,0,1,1,2,0,0,3,1,0
d55_hh229,0,1,0,1,0,0,0,0,1,1,0,0,0,0,2,0
d118_hh188,0,1,0,1,0,0,0,0,1,0,1,0,0,0,2,0
d160_hh232,0,1,0,1,0,0,0,0,2,0,0,0,0,1,1,0
d214_hh252,0,1,1,0,0,0,0,0,0,1,0,0,0,1,0,0
d149_hh30,0,1,0,0,1,0,0,1,1,1,0,0,1,0,1,0
d56_hh89,0,1,1,0,0,0,0,0,1,0,0,0,0,1,0,0
d78_hh123,0,1,0,0,0,5,1,3,1,0,0,0,0,1,0,0
d212_hh155,1,0,0,1,0,0,0,0,1,0,1,0,0,2,0,0
d212_hh61,1,0,0,0,1,0,0,2,1,0,0,0,0,0,1,0
d203_hh172,1,0,0,1,0,0,1,0,0,0,0,1,0,1,1,0
d176_hh125,1,0,0,1,0,0,0,0,1,0,0,1,1,0,1,0
d63_hh69,1,0,1,0,0,0,0,0,0,0,1,0,0,1,0,0
d88_hh108,0,1,0,1,0,0,0,0,0,0,1,1,0,1,1,0
d110_hh236,0,1,1,0,0,0,0,0,1,0,0,0,0,1,0,0
d77_hh40,0,1,1,0,0,0,0,0,1,0,0,0,0,1,0,0
d70_hh136,1,0,1,0,0,0,0,1,0,0,0,0,0,1,0,0
d179_hh41,0,1,1,0,0,0,0,0,0,0,1,0,0,1,0,0
d42_hh165,0,1,0,0,1,0,0,1,1,1,0,0,0,1,1,0
d87_hh38,0,1,0,0,1,0,0,1,1,1,0,0,1,0,1,0
d102_hh228,0,1,1,0,0,0,0,0,0,0,1,0,0,1,0,0
d174_hh85,0,1,1,0,0,0,0,0,1,0,0,0,0,1,0,0
d184_hh210,0,1,0,1,0,0,0,0,1,0,1,0,0,2,0,0
d69_hh99,0,1,0,1,0,0,0,0,0,1,1,0,0,1,1,0
d125_hh236,0,1,0,1,0,0,0,0,0,0,2,0,0,0,2,0
d164_hh220,0,1,0,1,0,0,0,0,0,1,1,0,0,2,0,0
d16_hh177,0,1,0,1,0,0,0,0,1,0,1,0,1,0,0,1
d11_hh214,0,1,1,0,0,0,0,0,0,1,0,0,0,0,1,0
d37_hh160,1,0,0,1,0,0,0,0,0,2,0,0,0,1,1,0
d144_hh289,1,0,1,0,0,0,0,0,0,0,0,1,0,1,0,0
d56_hh63,0,1,0,1,0,0,0,0,0,0,1,1,0,1,1,0
d156_hh151,0,1,0,1,0,0,0,0,1,1,0,0,1,0,0,1
d183_hh93,0,1,1,0,0,0,0,0,0,0,1,0,0,1,0,0
d45_hh79,1,0,1,0,0,0,0,0,0,1,0,0,0,0,1,0
d18_hh6,0,1,0,0,1,0,0,0,0,1,2,0,0,1,2,0
d25_hh80,1,0,0,0,0,4,0,0,4,0,0,0,0,1,3,0
d107_hh258,1,0,0,1,0,0,0,0,1,1,0,0,0,1,1,0
d155_hh206,0,1,0,1,0,0,0,1,0,0,0,1,0,2,0,0
d63_hh131,1,0,0,1,0,0,1,0,0,1,0,0,0,1,1,0
d65_hh67,0,1,0,1,0,0,0,0,1,1,0,0,0,2,0,0
d193_hh67,0,1,0,1,0,0,0,0,1,1,0,0,0,2,0,0
d81_hh81,0,1,1,0,0,0,0,0,0,1,0,0,0,0,1,0
d30_hh132,0,1,0,1,0,0,0,0,0,1,1,0,0,1,1,0
d69_hh222,0,1,1,0,0,0,0,0,0,0,1,0,0,0,1,0
d148_hh247,1,0,0,1,0,0,0,0,1,0,0,1,0,1,0,1
d208_hh137,0,1,0,1,0,0,1,0,1,0,0,0,1,1,0,0
d59_hh132,0,1,0,0,1,0,0,1,1,1,0,0,0,1,1,0
d196_hh229,1,0,0,1,0,0,0,0,1,0,1,0,0,0,2,0
d77_hh83,0,1,0,1,0,0,0,0,0,2,0,0,0,1,1,0
d165_hh274,0,1,0,1,0,0,0,0,1,1,0,0,0,1,1,0
d140_hh260,0,1,0,1,0,0,0,0,0,1,0,1,0,1,1,0
d192_hh58,1,0,0,1,0,0,0,0,0,1,1,0,1,1,0,0
d141_hh6,0,1,0,1,0,0,0,0,1,0,0,1,0,1,1,0
d202_hh111,0,1,0,1,0,0,0,0,1,1,0,0,0,2,0,0
d148_hh100,1,0,1,0,0,0,0,0,0,1,0,0,0,1,0,0
d169_hh148,0,1,0,1,0,0,0,0,0,2,0,0,0,1,1,0
d175_hh239,0,1,1,0,0,0,0,0,0,0,1,0,1,0,0,0
d205_hh217,0,1,0,1,0,0,0,0,0,1,0,1,0,1,1,0
d161_hh250,0,1,0,1,0,0,0,0,1,0,1,0,0,2,0,0
d125_hh189,0,1,1,0,0,0,0,0,0,0,0,1,0,0,1,0
d85_hh104,0,1,0,1,0,0,0,0,0,2,0,0,0,1,1,0
d51_hh186,0,1,0,1,0,0,0,0,1,0,0,1,0,1,1,0
d160_hh59,0,1,1,0,0,0,0,0,0,1,0,0,0,0,1,0
d13_hh263,0,1,1,0,0,0,0,0,1,0,0,0,0,1,0,0
d7_hh64,0,1,0,0,0,4,0,0,1,0,0,3,0,2,2,0
d158_hh85,0,1,1,0,0,0,0,0,0,0,1,0,0,0,1,0
d55_hh131,0,1,1,0,0,0,0,0,0,0,1,0,0,0,1,0
d41_hh254,0,1,0,1,0,0,0,0,1,1,0,0,0,1,1,0
d194_hh114,1,0,0,1,0,0,1,0,0,1,0,0,0,0,2,0
d170_hh63,0,1,1,0,0,0,0,0,0,1,0,0,0,0,1,0
d21_hh21,0,1,0,1,0,0,0,0,1,1,0,0,0,0,2,0
d162_hh113,0,1,1,0,0,0,0,0,0,0,1,0,0,0,1,0
d209_hh40,0,1,0,1,0,0,0,0,0,2,0,0,1,0,1,0
d211_hh86,1,0,0,0,0,5,0,1,2,1,1,0,0,4,1,0
d76_hh6,1,0,0,1,0,0,0,0,2,0,0,0,0,0,1,1
d128_hh184,0,1,0,1,0,0,0,0,2,0,0,0,0,1,1,0
d33_hh266,0,1,1,0,0,0,1,0,0,0,0,0,0,1,0,0
d13_hh157,0,1,0,1,0,0,0,0,0,1,1,0,0,2,0,0
d112_hh177,0,1,0,1,0,0,0,0,1,1,0,0,0,1,1,0
d88_hh267,0,1,0,1,0,0,0,0,2,0,0,0,0,0,2,0
d144_hh253,1,0,0,1,0,0,0,0,1,1,0,0,0,1,1,0
d51_hh285,0,1,0,1,0,0,0,0,0,0,1,1,0,2,0,0
d135_hh191,0,1,1,0,0,0,0,0,1,0,0,0,0,1,0,0
d61_hh246,0,1,0,1,0,0,0,0,0,1,1,0,0,1,1,0
d208_hh221,0,1,0,1,0,0,0,0,0,1,0,1,0,2,0,0
d205_hh73,0,1,0,1,0,0,0,0,0,2,0,0,0,1,1,0
d106_hh24,0,1,0,0,0,4,2,0,0,2,0,0,1,1,0,0
d38_hh101,0,1,0,1,0,0,0,0,1,0,0,1,0,2,0,0
d135_hh226,0,1,0,1,0,0,0,0,1,1,0,0,0,2,0,0
d213_hh238,0,1,1,0,0,0,0,0,0,0,0,1,0,0,1,0
d35_hh211,0,1,0,1,0,0,0,0,0,2,0,0,0,0,1,1
d9_hh170,1,0,0,1,0,0,0,0,0,2,0,0,0,1,1,0
d72_hh77,0,1,1,0,0,0,0,0,0,0,0,1,1,0,0,0
d163_hh115,0,1,0,1,0,0,0,0,0,1,0,1,1,1,0,0
d79_hh255,1,0,0,1,0,0,0,0,0,1,0,1,0,1,1,0
d8_hh155,1,0,1,0,0,0,0,0,1,0,0,0,0,0,1,0
d203_hh96,1,0,0,1,0,0,1,0,0,1,0,0,0,1,0,0
d46_hh57,0,1,0,1,0,0,0,1,0,1,0,0,0,2,0,0
d205_hh54,0,1,1,0,0,0,0,0,0,1,0,0,0,1,0,0
d6_hh155,1,0,0,1,0,0,1,0,0,1,0,0,0,1,0,0
d3_hh27,1,0,0,1,0,0,0,1,0,0,1,0,0,0,2,0
d125_hh167,0,1,0,1,0,0,0,0,1,1,0,0,1,1,0,0
d19_hh147,0,1,0,1,0,0,0,0,1,1,0,0,0,2,0,0
d85_hh214,0,1,0,1,0,0,0,0,0,1,1,0,0,1,1,0
d181_hh225,1,0,0,1,0,0,0,0,0,0,1,1,0,0,2,0
d49_hh103,1,0,0,1,0,0,0,0,0,1,1,0,0,1,1,0
d151_hh215,1,0,1,0,0,0,0,0,0,0,0,1,0,0,1,0
d66_hh13,0,1,0,1,0,0,0,0,2,0,0,0,0,0,2,0
d161_hh238,0,1,0,1,0,0,0,0,1,1,0,0,1,1,0,0
d120_hh118,0,1,0,1,0,0,0,0,1,0,0,1,0,0,2,0
d1_hh234,0,1,0,1,0,0,0,0,1,1,0,0,1,0,1,0
d167_hh276,1,0,0,1,0,0,0,0,1,1,0,0,1,0,1,0
d90_hh214,0,1,0,1,0,0,0,0,1,0,1,0,0,2,0,0
d143_hh82,0,1,1,0,0,0,0,0,1,0,0,0,0,1,0,0
d141_hh235,0,1,0,1,0,0,0,0,0,1,1,0,0,1,1,0
d82_hh256,0,1,0,1,0,0,0,0,0,1,0,1,0,1,1,0
d178_hh263,0,1,0,1,0,0,0,0,2,0,0,0,0,1,1,0
d14_hh205,1,0,0,1,0,0,0,0,1,1,0,0,0,1,1,0
d190_hh38,0,1,0,0,1,0,1,0,0,2,0,0,0,1,1,0
d190_hh176,0,1,1,0,0,0,0,0,1,0,0,0,0,1,0,0
d91_hh98,0,1,0,1,0,0,0,0,1,1,0,0,0,1,1,0
d58_hh81,0,1,0,1,0,0,0,0,1,0,1,0,1,1,0,0
d16_hh75,0,1,0,1,0,0,0,0,1,1,0,0,0,1,1,0
d181_hh17,1,0,0,0,1,0,1,0,1,1,0,0,0,1,1,0
d187_hh32,0,1,1,0,0,0,0,0,0,0,1,0,0,0,1,0
d70_hh172,1,0,0,0,1,0,2,0,0,1,0,0,0,0,3,0
d115_hh186,1,0,1,0,0,0,0,0,1,0,0,0,0,0,1,0
d30_hh44,0,1,0,1,0,0,0,0,1,1,0,0,0,1,1,0
d128_hh180,0,1,0,0,0,4,2,1,0,1,0,0,0,1,0,0
d101_hh182,0,1,1,0,0,0,0,0,0,1,0,0,0,0,1,0
d120_hh45,0,1,0,1,0,0,0,0,1,1,0,0,0,2,0,0
d71_hh163,1,0,0,1,0,0,0,0,0,0,0,2,0,2,0,0
d69_hh13,0,1,0,1,0,0,0,0,0,2,0,0,0,2,0,0
d141_hh194,0,1,0,1,0,0,0,0,1,0,0,1,0,1,1,0
d29_hh167,0,1,0,1,0,0,0,0,1,0,1,0,1,1,0,0
d208_hh2,0,1,0,1,0,0,0,0,0,1,1,0,0,1,1,0
d55_hh226,0,1,1,0,0,0,0,0,1,0,0,0,0,1,0,0
d73_hh84,0,1,0,1,0,0,0,0,0,0,2,0,0,1,1,0
d148_hh117,1,0,0,1,0,0,0,0,0,2,0,0,0,1,1,0
d11_hh26,0,1,1,0,0,0,0,0,0,0,1,0,1,0,0,0
d77_hh156,0,1,0,1,0,0,0,0,0,0,1,1,0,0,2,0
d37_hh159,1,0,0,1,0,0,0,0,0,0,2,0,0,2,0,0
d59_hh207,0,1,0,1,0,0,0,0,0,2,0,0,0,1,0,1
d154_hh132,0,1,0,0,1,0,0,1,1,1,0,0,1,1,0,0
d6_hh77,1,0,1,0,0,0,0,0,0,0,0,1,0,1,0,0
d32_hh203,0,1,0,1,0,0,0,0,2,0,0,0,1,1,0,0
d135_hh78,0,1,0,1,0,0,0,0,0,2,0,0,0,2,0,0
d11_hh79,0,1,0,1,0,0,0,0,1,0,1,0,0,1,1,0
d91_hh241,0,1,1,0,0,0,0,0,0,1,0,0,0,0,1,0
d203_hh139,1,0,1,0,0,0,0,0,1,0,0,0,0,0,1,0
d211_hh211,1,0,0,1,0,0,0,1,1,0,0,0,0,0,1,1
d94_hh137,1,0,0,1,0,0,0,0,0,1,0,1,0,1,1,0
d14_hh75,1,0,1,0,0,0,0,0,0,1,0,0,1,0,0,0
d114_hh12,0,1,0,1,0,0,1,0,1,0,0,0,1,1,0,0
d8_hh149,1,0,1,0,0,0,0,0,0,1,0,0,0,0,1,0
d215_hh157,0,1,1,0,0,0,0,0,1,0,0,0,1,0,0,0
d44_hh163,0,1,0,1,0,0,0,0,1,0,0,1,0,1,1,0
d91_hh79,0,1,0,1,0,0,0,0,1,1,0,0,0,1,1,0
d169_hh247,0,1,0,1,0,0,0,0,0,2,0,0,2,0,0,0
d16_hh201,0,1,0,1,0,0,0,0,1,1,0,0,0,2,0,0
d56_hh166,0,1,1,0,0,0,0,0,0,0,0,1,0,1,0,0
d196_hh126,1,0,1,0,0,0,1,0,0,0,0,0,0,0,1,0
d75_hh15,0,1,0,1,0,0,0,0,1,0,1,0,0,2,0,0
d139_hh9,0,1,0,1,0,0,0,0,0,1,1,0,0,0,2,0
d130_hh177,0,1,0,1,0,0,0,0,1,1,0,0,0,2,0,0
d65_hh227,0,1,1,0,0,0,0,0,0,0,1,0,0,1,0,0
d73_hh153,0,1,1,0,0,0,0,0,0,0,0,1,0,0,1,0
d22_hh176,1,0,0,1,0,0,0,0,1,1,0,0,0,1,1,0
d65_hh75,0,1,0,1,0,0,0,0,0,2,0,0,0,1,1,0
d39_hh96,0,1,0,1,0,0,0,0,1,1,0,0,0,1,1,0
d206_hh279,1,0,0,1,0,0,0,0,0,1,0,1,0,2,0,0
d23_hh236,0,1,0,1,0,0,0,0,2,0,0,0,0,1,1,0
d14_hh67,1,0,0,1,0,0,0,0,0,2,0,0,0,1,1,0
d97_hh20,0,1,0,1,0,0,0,0,1,1,0,0,0,1,1,0
d189_hh268,1,0,0,0,1,0,1,1,1,0,0,0,0,0,2,0
d82_hh231,0,1,0,1,0,0,0,0,0,0,1,1,0,0,2,0
d131_hh41,0,1,0,1,0,0,0,0,0,1,0,1,0,0,2,0
d185_hh143,1,0,1,0,0,0,0,0,0,0,0,1,0,0,1,0
d9_hh289,1,0,0,1,0,0,0,0,0,1,1,0,0,1,1,0
d130_hh273,0,1,1,0,0,0,0,0,0,0,0,1,0,0,1,0
d35_hh104,0,1,0,1,0,0,0,0,0,2,0,0,0,2,0,0
d13_hh239,0,1,0,1,0,0,0,0,1,0,1,0,0,2,0,0
d15_hh188,0,1,0,1,0,0,0,0,1,1,0,0,0,1,1,0
d194_hh142,1,0,0,0,1,0,2,0,0,0,1,0,0,0,2,0
d42_hh263,0,1,0,1,0,0,0,0,0,1,0,1,0,1,1,0
d129_hh209,0,1,1,0,0,0,0,0,0,0,1,0,0,1,0,0
d152_hh175,0,1,1,0,0,0,0,0,0,1,0,0,0,0,1,0
d137_hh201,0,1,0,1,0,0,0,0,1,0,0,1,1,1,0,0
d94_hh246,1,0,0,1,0,0,1,0,1,0,0,0,0,1,0,0
d174_hh97,0,1,0,1,0,0,1,0,1,0,0,0,2,0,0,0
d64_hh137,1,0,0,1,0,0,0,0,1,1,0,0,0,1,1,0
d191_hh12,0,1,0,1,0,0,0,0,1,0,1,0,0,2,0,0
d134_hh31,0,1,1,0,0,0,0,0,1,0,0,0,1,0,0,0
d196_hh139,1,0,0,1,0,0,0,0,0,2,0,0,0,1,1,0
d125_hh248,0,1,0,1,0,0,0,0,1,1,0,0,0,1,1,0
d2_hh232,0,1,0,1,0,0,0,0,1,0,1,0,0,1,1,0
d140_hh195,0,1,0,1,0,0,0,0,0,2,0,0,0,2,0,0
d141_hh209,0,1,1,0,0,0,0,0,1,0,0,0,1,0,0,0
d122_hh271,0,1,0,1,0,0,0,0,0,2,0,0,0,1,1,0
d107_hh103,1,0,0,1,0,0,0,0,0,2,0,0,0,1,1,0
d193_hh61,0,1,0,0,0,5,0,0,0,1,3,1,0,2,2,1
d157_hh215,1,0,0,1,0,0,0,0,2,0,0,0,0,0,2,0
d136_hh32,1,0,0,1,0,0,0,0,0,2,0,0,0,0,0,2
d134_hh76,0,1,0,1,0,0,0,0,1,1,0,0,0,1,1,0
d143_hh224,0,1,1,0,0,0,0,0,1,0,0,0,0,1,0,0
d3_hh35,1,0,0,1,0,0,0,0,0,2,0,0,0,1,1,0
d71_hh146,1,0,0,1,0,0,0,0,2,0,0,0,0,1,1,0
d20_hh44,0,1,0,1,0,0,0,0,0,1,1,0,0,2,0,0
d126_hh184,0,1,1,0,0,0,0,0,0,0,1,0,0,0,1,0
d174_hh6,0,1,0,1,0,0,0,0,1,1,0,0,0,2,0,0
d34_hh12,0,1,0,1,0,0,0,0,0,1,1,0,0,2,0,0
d107_hh246,1,0,0,1,0,0,0,0,0,0,1,1,0,2,0,0
d27_hh269,1,0,0,1,0,0,0,0,0,1,1,0,0,1,1,0
d56_hh177,0,1,0,1,0,0,0,0,0,1,0,1,1,1,0,0
d33_hh64,0,1,0,1,0,0,0,1,0,0,1,0,0,2,0,0
d150_hh168,0,1,0,1,0,0,0,0,1,0,0,1,0,1,1,0
d156_hh153,0,1,0,1,0,0,0,0,2,0,0,0,1,1,0,0
d103_hh192,1,0,0,1,0,0,0,0,0,2,0,0,0,0,2,0
d171_hh189,0,1,0,1,0,0,0,0,0,2,0,0,0,0,2,0
d73_hh33,0,1,0,1,0,0,0,0,1,1,0,0,0,2,0,0
d176_hh194,1,0,1,0,0,0,0,0,0,1,0,0,0,1,0,0
d91_hh113,0,1,0,1,0,0,0,0,1,1,0,0,0,1,1,0
d191_hh30,0,1,0,0,1,0,1,0,0,2,0,0,0,0,2,0
d131_hh204,0,1,0,1,0,0,0,0,1,0,1,0,0,2,0,0
d32_hh101,0,1,0,1,0,0,0,0,1,0,0,1,0,1,1,0
d11_hh132,0,1,0,1,0,0,0,0,0,1,0,1,0,1,1,0
d170_hh273,0,1,0,1,0,0,0,0,0,1,0,1,0,2,0,0
d131_hh212,0,1,0,1,0,0,0,0,0,1,0,1,1,1,0,0
d111_hh206,0,1,0,1,0,0,0,0,1,1,0,0,0,1,0,1
d91_hh32,0,1,0,1,0,0,0,1,1,0,0,0,0,1,1,0
d187_hh30,0,1,0,1,0,0,0,0,1,0,1,0,1,0,1,0
d121_hh170,1,0,1,0,0,0,0,0,1,0,0,0,0,1,0,0
d60_hh191,1,0,0,1,0,0,0,0,1,1,0,0,0,0,2,0
d153_hh100,1,0,0,1,0,0,0,0,1,0,1,0,1,0,1,0
d134_hh156,0,1,1,0,0,0,0,0,0,1,0,0,0,0,1,0
d134_hh166,0,1,0,1,0,0,0,0,1,1,0,0,0,1,1,0
d167_hh70,1,0,1,0,0,0,0,1,0,0,0,0,0,0,1,0
d196_hh197,1,0,0,1,0,0,0,0,2,0,0,0,0,1,1,0
d71_hh245,1,0,0,1,0,0,0,0,0,2,0,0,0,0,2,0
d142_hh106,1,0,0,1,0,0,0,1,0,1,0,0,0,0,1,0
d99_hh230,0,1,0,1,0,0,0,0,2,0,0,0,0,2,0,0
d124_hh118,0,1,0,1,0,0,0,0,0,1,1,0,0,2,0,0
d202_hh17,0,1,0,0,1,0,0,1,1,1,0,0,1,0,1,0
d202_hh222,0,1,1,0,0,0,0,0,0,0,1,0,0,1,0,0
d215_hh82,0,1,1,0,0,0,0,0,0,1,0,0,0,0,1,0
d128_hh297,0,1,1,0,0,0,0,0,0,0,1,0,0,0,1,0
d185_hh57,1,0,0,1,0,0,0,0,1,1,0,0,0,0,2,0
d204_hh231,0,1,1,0,0,0,0,0,0,0,1,0,0,0,1,0
d148_hh104,1,0,0,1,0,0,0,0,1,1,0,0,0,1,0,1
d198_hh78,0,1,0,1,0,0,0,0,1,1,0,0,0,2,0,0
d160_hh104,0,1,0,1,0,0,0,0,1,1,0,0,0,1,1,0
d180_hh254,1,0,0,1,0,0,0,0,1,0,0,1,0,0,2,0
d101_hh186,0,1,1,0,0,0,0,0,1,0,0,0,0,0,1,0
d157_hh222,1,0,0,1,0,0,0,0,1,1,0,0,0,0,2,0
d210_hh262,0,1,0,1,0,0,0,1,0,0,0,1,0,1,1,0
d79_hh198,1,0,0,0,0,4,0,1,1,0,1,1,0,2,2,0
d115_hh55,1,0,0,0,0,4,2,1,1,0,0,0,0,1,1,0
d115_hh124,1,0,0,0,0,6,2,0,2,0,1,1,1,2,3,0
d47_hh300,1,0,1,0,0,0,0,0,0,0,0,1,0,0,1,0
d41_hh181,0,1,0,0,0,6,0,0,1,3,1,1,0,4,2,0
d120_hh268,0,1,0,1,0,0,0,0,1,1,0,0,1,0,1,0
d4_hh212,0,1,1,0,0,0,0,0,0,1,0,0,0,0,1,0
d148_hh244,1,0,0,1,0,0,0,1,1,0,0,0,0,0,0,2
d151_hh203,1,0,0,1,0,0,0,0,1,0,0,1,1,1,0,0
d44_hh187,0,1,0,1,0,0,0,0,2,0,0,0,0,2,0,0
d201_hh135,1,0,1,0,0,0,1,0,0,0,0,0,0,0,1,0
d160_hh179,0,1,0,1,0,0,0,0,2,0,0,0,0,1,1,0
d60_hh108,1,0,0,1,0,0,0,0,1,1,0,0,0,1,1,0
d66_hh179,0,1,1,0,0,0,0,0,1,0,0,0,0,1,0,0
d112_hh17,0,1,0,1,0,0,0,0,0,1,0,1,0,1,1,0
d87_hh32,0,1,0,1,0,0,0,0,1,1,0,0,0,2,0,0
d200_hh227,0,1,0,1,0,0,0,0,0,1,1,0,0,0,2,0
d160_hh211,0,1,1,0,0,0,0,0,0,0,0,1,0,0,1,0
d39_hh55,0,1,0,0,1,0,0,1,2,0,0,0,0,2,0,0
d66_hh154,0,1,0,1,0,0,0,0,2,0,0,0,0,2,0,0
d145_hh175,1,0,0,1,0,0,0,0,0,1,0,1,1,0,1,0
d195_hh52,0,1,0,1,0,0,0,0,2,0,0,0,1,1,0,0
d207_hh28,0,1,0,1,0,0,0,0,1,0,0,1,0,1,1,0
d129_hh106,0,1,0,1,0,0,0,0,0,2,0,0,0,0,2,0
d156_hh218,0,1,0,1,0,0,0,0,0,1,0,1,1,0,1,0
d107_hh23,1,0,0,1,0,0,0,0,0,2,0,0,0,1,1,0
d79_hh114,1,0,1,0,0,0,0,0,1,0,0,0,0,1,0,0
d103_hh48,1,0,0,1,0,0,0,1,1,0,0,0,0,1,1,0
d74_hh11,0,1,0,1,0,0,0,0,1,0,1,0,0,0,2,0
d102_hh284,0,1,0,1,0,0,0,0,1,0,1,0,1,1,0,0
d134_hh7,0,1,0,1,0,0,0,0,1,0,1,0,0,1,1,0
d190_hh106,0,1,1,0,0,0,0,0,0,0,1,0,1,0,0,0
d128_hh278,0,1,1,0,0,0,0,0,0,1,0,0,1,0,0,0
d136_hh89,1,0,0,1,0,0,0,0,0,1,0,1,0,1,1,0
d198_hh40,0,1,0,1,0,0,0,0,0,0,2,0,0,0,2,0
d194_hh40,1,0,0,1,0,0,0,0,1,1,0,0,0,0,2,0
d184_hh11,0,1,0,1,0,0,1,0,1,0,0,0,0,2,0,0
d40_hh111,0,1,0,1,0,0,0,0,0,0,0,2,1,1,0,0
d7_hh87,0,1,0,1,0,0,0,0,1,1,0,0,1,1,0,0
d99_hh38,0,1,0,0,0,4,0,0,0,1,0,3,1,1,2,0
d78_hh9,0,1,0,1,0,0,0,0,0,2,0,0,0,1,1,0
d45_hh0,1,0,0,0,0,4,0,3,1,0,0,0,0,0,2,0
d191_hh275,0,1,0,1,0,0,0,0,1,1,0,0,0,2,0,0
d9_hh197,1,0,0,1,0,0,0,0,1,0,1,0,0,1,1,0
d183_hh237,0,1,0,1,0,0,0,0,1,0,1,0,1,0,1,0
d164_hh249,0,1,1,0,0,0,0,0,0,0,1,0,0,0,1,0
d157_hh235,1,0,0,1,0,0,0,0,1,1,0,0,0,1,1,0
d24_hh177,0,1,0,1,0,0,0,0,1,0,0,1,0,1,0,1
d63_hh83,1,0,1,0,0,0,0,0,0,0,1,0,1,0,0,0
d201_hh78,1,0,0,1,0,0,1,0,1,0,0,0,0,0,2,0
d175_hh32,0,1,0,0,1,0,0,1,1,0,1,0,0,2,0,0
d56_hh175,0,1,0,1,0,0,0,0,1,1,0,0,0,1,1,0
d120_hh57,0,1,0,1,0,0,0,0,0,2,0,0,0,1,1,0
d88_hh118,0,1,0,1,0,0,0,0,1,0,1,0,0,2,0,0
d179_hh28,0,1,1,0,0,0,0,0,1,0,0,0,1,0,0,0
d191_hh179,0,1,0,0,0,4,1,1,1,1,0,0,0,2,0,0
d135_hh216,0,1,1,0,0,0,0,0,0,0,1,0,0,0,1,0
d32_hh60,0,1,0,1,0,0,0,0,1,0,1,0,1,0,1,0
d131_hh14,0,1,0,1,0,0,0,0,2,0,0,0,0,1,1,0
d168_hh34,0,1,0,0,1,0,0,0,0,1,1,1,0,2,1,0
d172_hh180,1,0,1,0,0,0,0,0,0,0,0,1,0,1,0,0
d95_hh241,0,1,0,1,0,0,0,0,1,1,0,0,0,1,1,0
d188_hh256,1,0,0,1,0,0,0,0,1,1,0,0,0,0,2,0
d46_hh228,0,1,0,0,1,0,0,0,1,0,2,0,1,2,0,0
d108_hh212,1,0,1,0,0,0,0,0,1,0,0,0,1,0,0,0
d122_hh210,0,1,0,1,0,0,0,0,0,1,1,0,0,1,1,0
d175_hh181,0,1,0,1,0,0,0,0,1,1,0,0,0,0,1,1
d132_hh233,0,1,1,0,0,0,0,0,0,0,0,1,0,1,0,0
d1_hh15,0,1,1,0,0,0,0,1,0,0,0,0,0,1,0,0
d126_hh44,0,1,0,1,0,0,0,0,1,1,0,0,0,1,1,0
d48_hh176,0,1,1,0,0,0,0,0,0,0,1,0,0,1,0,0
d56_hh123,0,1,0,1,0,0,0,0,1,1,0,0,1,1,0,0
d44_hh283,0,1,0,1,0,0,0,0,1,1,0,0,0,1,1,0
d135_hh57,0,1,0,1,0,0,1,0,0,1,0,0,0,1,0,0
d9_hh183,1,0,0,1,0,0,0,0,0,2,0,0,0,1,1,0
d115_hh199,1,0,0,1,0,0,0,0,0,1,1,0,0,0,2,0
d94_hh129,1,0,0,0,0,4,2,0,1,1,0,0,0,0,2,0
d210_hh267,0,1,0,1,0,0,0,0,1,0,0,1,2,0,0,0
d99_hh44,0,1,1,0,0,0,0,0,0,0,1,0,0,1,0,0
d86_hh55,1,0,0,1,0,0,0,0,1,1,0,0,0,1,0,1
d78_hh234,0,1,0,1,0,0,0,0,2,0,0,0,1,1,0,0
d194_hh189,1,0,0,1,0,0,2,0,0,0,0,0,0,0,0,1
d157_hh16,1,0,1,0,0,0,0,0,0,0,1,0,0,1,0,0
d34_hh166,0,1,0,1,0,0,0,0,0,2,0,0,1,1,0,0
d83_hh79,0,1,1,0,0,0,0,0,0,0,1,0,0,0,1,0
d156_hh19,0,1,1,0,0,0,0,0,0,1,0,0,0,1,0,0
d109_hh168,0,1,1,0,0,0,0,0,0,0,1,0,0,1,0,0
d53_hh23,0,1,1,0,0,0,0,0,0,1,0,0,0,1,0,0
d32_hh19,0,1,0,1,0,0,0,0,1,1,0,0,0,1,1,0
d139_hh27,0,1,0,0,1,0,0,1,0,2,0,0,0,2,0,0
d161_hh110,0,1,1,0,0,0,0,0,0,0,1,0,0,1,0,0
d69_hh209,0,1,0,1,0,0,0,0,2,0,0,0,0,2,0,0
d124_hh167,0,1,0,0,1,0,0,0,0,2,0,1,0,3,0,0
d110_hh201,0,1,0,1,0,0,0,1,1,0,0,0,0,2,0,0
d112_hh221,0,1,0,1,0,0,0,0,1,0,1,0,0,2,0,0
d116_hh196,1,0,0,1,0,0,0,0,1,0,1,0,0,0,1,1
d11_hh240,0,1,0,1,0,0,1,0,1,0,0,0,0,2,0,0
d97_hh75,0,1,0,1,0,0,0,0,2,0,0,0,1,1,0,0
d167_hh11,1,0,0,1,0,0,0,0,1,1,0,0,1,0,1,0
d112_hh31,0,1,0,1,0,0,0,0,2,0,0,0,0,2,0,0
d124_hh223,0,1,0,1,0,0,0,0,1,0,1,0,0,1,1,0
d42_hh251,0,1,0,1,0,0,0,0,0,1,1,0,0,2,0,0
d42_hh38,0,1,0,1,0,0,0,0,1,1,0,0,0,0,1,1
d158_hh34,0,1,0,1,0,0,0,0,1,1,0,0,1,1,0,0
d194_hh101,1,0,1,0,0,0,0,0,0,1,0,0,0,1,0,0
d32_hh151,0,1,0,0,0,4,0,0,1,1,1,1,1,1,2,0
d120_hh272,0,1,1,0,0,0,0,0,0,1,0,0,0,1,0,0
d18_hh253,0,1,0,1,0,0,1,0,0,0,1,0,0,0,2,0
d160_hh38,0,1,0,1,0,0,0,0,1,1,0,0,0,1,0,1
d61_hh79,0,1,0,1,0,0,0,0,1,0,0,1,0,1,1,0
d49_hh219,1,0,0,1,0,0,0,0,0,1,0,1,0,0,2,0
d16_hh218,0,1,1,0,0,0,0,0,0,0,1,0,0,1,0,0
d21_hh25,0,1,0,1,0,0,0,0,0,1,1,0,0,2,0,0
d85_hh218,0,1,0,1,0,0,0,0,1,1,0,0,0,1,1,0
d167_hh264,1,0,0,1,0,0,0,0,1,1,0,0,0,1,1,0
d40_hh7,0,1,1,0,0,0,0,0,1,0,0,0,0,1,0,0
d190_hh173,0,1,0,1,0,0,0,0,0,1,0,1,0,1,1,0
d41_hh72,0,1,0,0,0,4,0,0,0,1,2,1,1,2,1,0
d103_hh63,1,0,0,1,0,0,0,0,0,1,1,0,0,1,1,0
d121_hh272,1,0,1,0,0,0,1,0,0,0,0,0,0,0,1,0
d150_hh253,0,1,1,0,0,0,0,0,0,0,0,1,0,0,1,0
d139_hh251,0,1,0,1,0,0,0,0,1,1,0,0,0,0,2,0
d31_hh135,0,1,0,1,0,0,0,0,2,0,0,0,1,1,0,0
d73_hh7,0,1,1,0,0,0,0,0,0,1,0,0,0,0,1,0
d93_hh184,0,1,0,0,1,0,0,1,2,0,0,0,0,0,2,0
d73_hh151,0,1,0,1,0,0,0,0,0,2,0,0,0,2,0,0
d44_hh35,0,1,1,0,0,0,0,0,1,0,0,0,0,0,1,0
d158_hh49,0,1,0,1,0,0,0,0,1,1,0,0,1,1,0,0
d123_hh83,0,1,0,1,0,0,0,0,0,2,0,0,1,1,0,0
d191_hh190,0,1,0,1,0,0,0,0,0,1,1,0,0,1,1,0
d44_hh65,0,1,1,0,0,0,0,0,1,0,0,0,0,0,1,0
d119_hh174,0,1,0,1,0,0,0,0,1,1,0,0,0,1,1,0
d118_hh175,0,1,0,1,0,0,0,0,2,0,0,0,0,1,1,0
d203_hh189,1,0,0,1,0,0,0,0,1,1,0,0,0,0,1,1
d67_hh63,0,1,0,1,0,0,0,0,1,1,0,0,1,0,1,0
d74_hh212,0,1,0,1,0,0,0,0,1,1,0,0,1,0,1,0
d168_hh30,0,1,0,1,0,0,0,0,1,0,0,1,0,1,1,0
d176_hh92,1,0,0,1,0,0,0,0,0,0,2,0,0,1,1,0
d108_hh213,1,0,0,1,0,0,1,0,1,0,0,0,1,0,1,0
d113_hh254,0,1,1,0,0,0,0,0,1,0,0,0,0,1,0,0
d127_hh69,0,1,0,0,0,5,0,0,2,0,2,1,1,3,1,0
d66_hh131,0,1,0,1,0,0,0,0,1,1,0,0,0,2,0,0
d59_hh251,0,1,0,1,0,0,0,0,1,1,0,0,1,1,0,0
d162_hh67,0,1,0,1,0,0,0,0,1,1,0,0,0,2,0,0
d184_hh206,0,1,1,0,0,0,0,0,0,0,1,0,1,0,0,0
d51_hh37,0,1,0,1,0,0,0,0,0,1,1,0,1,0,1,0
d44_hh170,0,1,0,1,0,0,0,0,1,1,0,0,0,1,0,1
d38_hh49,0,1,1,0,0,0,0,0,0,1,0,0,1,0,0,0
d36_hh69,0,1,0,1,0,0,0,0,0,1,1,0,0,2,0,0
d32_hh136,0,1,0,1,0,0,0,0,2,0,0,0,0,1,1,0
d8_hh106,1,0,0,0,0,4,1,2,0,1,0,0,0,1,2,0
d111_hh29,0,1,0,1,0,0,1,0,0,0,0,1,0,1,0,1
d82_hh115,0,1,1,0,0,0,0,0,0,1,0,0,0,0,1,0
d92_hh161,1,0,0,1,0,0,0,0,0,2,0,0,0,0,2,0
d214_hh20,0,1,0,1,0,0,0,0,0,2,0,0,0,0,2,0
d20_hh48,0,1,0,1,0,0,0,0,0,1,1,0,0,0,2,0
d18_hh91,0,1,1,0,0,0,0,0,0,0,1,0,0,1,0,0
d91_hh100,0,1,0,1,0,0,0,0,0,0,1,1,1,0,1,0
d55_hh12,0,1,1,0,0,0,0,1,0,0,0,0,0,0,1,0
d88_hh235,0,1,0,1,0,0,0,0,1,0,0,1,0,2,0,0
d81_hh87,0,1,0,1,0,0,0,0,1,1,0,0,0,2,0,0
d163_hh242,0,1,0,1,0,0,1,0,1,0,0,0,0,1,0,1
d43_hh67,0,1,0,0,1,0,0,2,0,0,0,1,0,1,1,0
d119_hh107,0,1,0,0,1,0,0,0,1,0,2,0,0,1,2,0
d147_hh167,0,1,0,1,0,0,0,0,2,0,0,0,0,2,0,0
d176_hh220,1,0,0,1,0,0,0,1,1,0,0,0,0,0,1,1
d50_hh195,0,1,0,0,1,0,2,0,1,0,0,0,0,0,2,0
d108_hh162,1,0,0,0,0,6,3,2,0,1,0,0,0,1,2,3
d148_hh58,1,0,1,0,0,0,1,0,0,0,0,0,0,1,0,0
d192_hh39,1,0,0,1,0,0,0,0,1,1,0,0,0,1,1,0
d65_hh115,0,1,0,1,0,0,0,0,1,0,1,0,0,1,1,0
d96_hh8,0,1,0,1,0,0,0,0,0,2,0,0,0,2,0,0
d59_hh98,0,1,0,1,0,0,0,0,0,2,0,0,0,0,2,0
d8_hh105,1,0,1,0,0,0,0,0,0,1,0,0,0,0,1,0
d195_hh31,0,1,0,1,0,0,0,0,1,0,1,0,0,1,1,0
d153_hh96,1,0,1,0,0,0,0,0,0,0,1,0,0,1,0,0
d142_hh190,1,0,1,0,0,0,0,0,0,1,0,0,0,0,0,1
d190_hh182,0,1,1,0,0,0,0,0,0,0,1,0,0,0,1,0
d170_hh228,0,1,0,0,1,0,0,1,1,1,0,0,0,2,0,0
d84_hh122,1,0,0,1,0,0,0,0,0,0,0,2,0,1,1,0
d26_hh63,0,1,1,0,0,0,0,0,0,1,0,0,0,0,1,0
d105_hh45,1,0,0,1,0,0,0,0,1,1,0,0,0,1,1,0
d16_hh200,0,1,0,1,0,0,0,0,1,0,1,0,0,1,1,0
d51_hh49,0,1,0,1,0,0,0,0,2,0,0,0,0,2,0,0
d93_hh66,0,1,1,0,0,0,0,0,0,0,0,1,0,1,0,0
d3_hh97,1,0,1,0,0,0,0,0,1,0,0,0,0,0,1,0
d7_hh155,0,1,1,0,0,0,0,0,0,0,1,0,1,0,0,0
d164_hh78,0,1,0,1,0,0,0,0,0,0,1,1,0,2,0,0
d7_hh148,0,1,0,1,0,0,0,0,0,2,0,0,0,1,1,0
d38_hh172,0,1,0,1,0,0,0,0,1,1,0,0,1,1,0,0
d49_hh257,1,0,0,1,0,0,0,0,1,1,0,0,0,0,2,0
d149_hh61,0,1,1,0,0,0,0,0,0,0,0,1,0,0,1,0
d130_hh277,0,1,0,1,0,0,0,0,0,0,1,1,1,0,1,0
d161_hh229,0,1,0,1,0,0,0,0,1,1,0,0,1,1,0,0
d47_hh135,1,0,0,1,0,0,0,0,0,2,0,0,0,2,0,0
d110_hh117,0,1,0,1,0,0,0,1,0,1,0,0,0,0,2,0
d49_hh170,1,0,0,1,0,0,0,0,0,1,0,1,0,2,0,0
d122_hh112,0,1,0,1,0,0,0,0,2,0,0,0,0,1,1,0
d28_hh35,1,0,1,0,0,0,1,0,0,0,0,0,0,1,0,0
d62_hh18,0,1,0,1,0,0,0,0,0,1,0,1,2,0,0,0
d3_hh180,1,0,0,1,0,0,0,0,0,1,0,1,1,0,1,0
d53_hh249,0,1,0,1,0,0,0,0,2,0,0,0,0,0,2,0
d201_hh119,1,0,0,1,0,0,0,1,0,0,1,0,0,0,0,2
d51_hh177,0,1,0,1,0,0,0,0,1,1,0,0,0,0,2,0
d8_hh41,1,0,1,0,0,0,0,0,0,1,0,0,0,1,0,0
d92_hh115,1,0,1,0,0,0,0,0,0,0,0,1,0,0,1,0
d163_hh44,0,1,0,1,0,0,0,0,0,1,1,0,1,1,0,0
d146_hh88,0,1,0,1,0,0,0,0,1,1,0,0,0,1,1,0
d55_hh232,0,1,0,0,1,0,0,1,2,0,0,0,0,1,1,0
d48_hh119,0,1,0,1,0,0,0,0,0,1,0,1,1,0,1,0
d172_hh18,1,0,0,1,0,0,0,0,2,0,0,0,1,0,1,0
d7_hh240,0,1,1,0,0,0,0,0,0,1,0,0,0,1,0,0
d69_hh55,0,1,0,0,1,0,0,1,0,2,0,0,0,1,0,1
d117_hh126,0,1,0,1,0,0,0,0,1,0,0,1,0,2,0,0
d158_hh20,0,1,0,1,0,0,0,0,0,1,1,0,0,0,2,0
d149_hh237,0,1,0,0,1,0,1,0,0,2,0,0,0,2,0,0
d104_hh7,0,1,1,0,0,0,0,0,0,0,0,1,0,0,1,0
d38_hh95,0,1,1,0,0,0,0,0,1,0,0,0,0,1,0,0
d28_hh40,1,0,0,1,0,0,0,0,1,1,0,0,0,0,2,0
d137_hh216,0,1,0,1,0,0,0,0,0,1,0,1,0,1,1,0
d203_hh227,1,0,0,1,0,0,0,0,1,1,0,0,0,0,2,0
d134_hh118,0,1,1,0,0,0,0,0,1,0,0,0,0,1,0,0
d58_hh108,0,1,1,0,0,0,0,0,0,0,0,1,1,0,0,0
d73_hh197,0,1,0,0,0,4,1,1,1,1,0,0,0,0,2,0
d124_hh125,0,1,0,0,1,0,1,1,1,0,0,0,0,2,0,0
d35_hh224,0,1,0,1,0,0,1,0,1,0,0,0,0,1,0,0
d114_hh2,0,1,0,1,0,0,0,0,0,1,0,1,0,2,0,0
d160_hh97,0,1,1,0,0,0,0,0,1,0,0,0,0,1,0,0
d81_hh14,0,1,0,1,0,0,0,0,1,0,0,1,0,0,2,0
d25_hh157,1,0,0,1,0,0,0,1,1,0,0,0,0,1,1,0
d124_hh126,0,1,0,1,0,0,0,0,1,0,1,0,0,0,1,1
d115_hh176,1,0,0,1,0,0,0,0,0,2,0,0,0,1,1,0
d9_hh236,1,0,0,0,1,0,1,0,1,1,0,0,0,0,2,0
d63_hh160,1,0,0,1,0,0,0,1,0,1,0,0,0,0,0,2
d168_hh265,0,1,0,1,0,0,0,0,0,1,0,1,0,0,2,0
d192_hh68,1,0,0,1,0,0,0,0,1,1,0,0,0,1,1,0
d41_hh74,0,1,0,1,0,0,0,0,1,1,0,0,0,2,0,0
d50_hh112,0,1,0,1,0,0,0,0,0,1,1,0,0,0,1,1
d107_hh193,1,0,0,1,0,0,0,0,0,1,1,0,0,1,1,0
d146_hh114,0,1,0,1,0,0,0,0,0,1,0,1,2,0,0,0
d138_hh1,0,1,0,0,1,0,1,0,0,2,0,0,0,2,0,0
d214_hh255,0,1,0,0,0,4,0,0,1,1,1,1,1,1,2,0
