area,admin_area,id,demographic_id,age,education,gender,ethnicity,family_ratio,income,in_household,household_id,relationship
d80,a0,d80_38,farmer_agricultural,54,2,1,0,0.75,39069,True,d80_hh6,head
d80,a0,d80_381,middle_class,41,5,0,0,0.7,36766,True,d80_hh6,partner
d41,a1,d41_270,working_class,39,1,1,0,0.65,26031,True,d41_hh53,head
d41,a1,d41_18,retired,73,2,0,0,0.3,24946,True,d41_hh53,partner
d55,a3,d55_14,working_class,54,2,0,0,0.65,17847,True,d55_hh190,head
d55,a3,d55_22,rural_worker,54,0,1,0,0.7,27250,True,d55_hh190,partner
d84,a1,d84_66,rural_worker,35,1,1,0,0.7,16259,True,d84_hh161,head
d74,a0,d74_56,farmer_agricultural,54,2,0,0,0.75,19347,True,d74_hh108,head
d74,a0,d74_172,affluent_professional,45,3,0,0,0.6,45694,True,d74_hh108,partner
d74,a0,d74_438,retired,82,2,1,0,0.3,11805,True,d74_hh108,partner
d74,a0,d74_298,retired,73,0,1,0,0.3,18384,True,d74_hh108,partner
d70,a0,d70_428,middle_class,42,6,0,0,0.7,44203,True,d70_hh171,head
d70,a0,d70_231,young_professional,28,6,1,0,0.2,19614,True,d70_hh171,partner
d70,a0,d70_428c0,na,4,na,0,0,0,0,True,d70_hh171,child
d100,a3,d100_493,rural_worker,39,1,1,0,0.7,20727,True,d100_hh65,head
d196,a1,d196_381,rural_worker,39,0,0,0,0.7,14828,True,d196_hh190,head
d196,a1,d196_265,retired,61,2,0,0,0.3,28198,True,d196_hh190,partner
d137,a1,d137_275,rural_worker,45,1,1,0,0.7,9020,True,d137_hh109,head
d144,a1,d144_259,rural_worker,46,2,0,0,0.7,15018,True,d144_hh196,head
d144,a1,d144_446,middle_class,53,2,0,0,0.7,18589,True,d144_hh196,partner
d158,a4,d158_195,rural_worker,41,1,1,0,0.7,23067,True,d158_hh146,head
d158,a4,d158_66,retired,73,4,0,2,0.3,23512,True,d158_hh146,partner
d74,a0,d74_421,farmer_agricultural,46,2,0,0,0.75,22179,True,d74_hh109,head
d94,a1,d94_219,affluent_professional,32,5,0,0,0.6,96909,True,d94_hh253,head
d94,a1,d94_456,young_professional,27,4,0,0,0.2,28367,True,d94_hh253,partner
d116,a3,d116_149,retired,69,1,0,0,0.3,18927,True,d116_hh6,head
d135,a4,d135_427,farmer_agricultural,49,1,1,0,0.75,24658,True,d135_hh219,head
d135,a4,d135_405,farmer_agricultural,48,1,1,0,0.75,23103,True,d135_hh219,partner
d139,a0,d139_476,rural_worker,55,1,1,0,0.7,23289,True,d139_hh164,head
d83,a0,d83_99,working_class,48,2,0,0,0.65,19233,True,d83_hh67,head
d92,a1,d92_95,working_class,57,4,0,0,0.65,17509,True,d92_hh91,head
d92,a1,d92_204,middle_class,48,4,0,0,0.7,15360,True,d92_hh91,partner
d129,a1,d129_41,retired,71,2,1,0,0.3,25099,True,d129_hh94,head
d129,a1,d129_254,farmer_agricultural,66,1,0,0,0.75,29802,True,d129_hh94,partner
d44,a0,d44_412,farmer_agricultural,47,1,0,0,0.75,37810,True,d44_hh127,head
d44,a0,d44_323,working_class,61,0,0,0,0.65,16998,True,d44_hh127,partner
d200,a3,d200_23,retired,66,4,0,0,0.3,35011,True,d200_hh51,head
d200,a3,d200_247,rural_worker,51,1,0,0,0.7,11299,True,d200_hh51,partner
d142,a0,d142_378,working_class,67,0,0,0,0.65,25708,True,d142_hh108,head
d142,a0,d142_294,low_income,32,1,0,0,0.5,5863,True,d142_hh108,partner
d18,a0,d18_470,rural_worker,43,1,0,0,0.7,35280,True,d18_hh80,head
d18,a0,d18_77,farmer_agricultural,39,3,0,0,0.75,17970,True,d18_hh80,partner
d18,a0,d18_470c0,na,11,na,1,0,0,0,True,d18_hh80,child
d116,a3,d116_243,retired,88,2,0,0,0.3,34825,True,d116_hh36,head
d126,a4,d126_174,affluent_professional,26,5,0,0,0.6,51965,True,d126_hh156,head
d126,a4,d126_343,rural_worker,52,1,0,0,0.7,12320,True,d126_hh156,partner
d126,a4,d126_174c0,na,5,na,0,0,0,0,True,d126_hh156,child
d212,a0,d212_262,working_class,39,2,0,0,0.65,23249,True,d212_hh252,head
d212,a0,d212_94,working_class,22,3,0,0,0.65,29569,True,d212_hh252,partner
d212,a0,d212_262c0,na,0,na,0,0,0,0,True,d212_hh252,child
d6,a0,d6_17,middle_class,50,1,0,0,0.7,34144,True,d6_hh130,head
d6,a0,d6_175,middle_class,46,2,0,1,0.7,25600,True,d6_hh130,partner
d69,a3,d69_499,retired,54,0,1,0,0.3,17886,True,d69_hh274,head
d69,a3,d69_52,rural_worker,27,1,0,0,0.7,19545,True,d69_hh274,partner
d109,a0,d109_234,retired,79,0,1,0,0.3,27723,True,d109_hh209,head
d109,a0,d109_251,working_class,45,1,1,0,0.65,25186,True,d109_hh209,partner
d88,a4,d88_128,farmer_agricultural,71,2,1,0,0.75,15921,True,d88_hh3,head
d88,a4,d88_169,farmer_agricultural,41,1,0,0,0.75,-18262,True,d88_hh3,partner
d100,a3,d100_491,retired,81,1,0,0,0.3,3275,True,d100_hh164,head
d169,a3,d169_53,farmer_agricultural,54,2,1,0,0.75,29051,True,d169_hh115,head
d169,a3,d169_213,farmer_agricultural,46,1,0,0,0.75,35796,True,d169_hh115,partner
d60,a1,d60_414,retired,67,3,1,0,0.3,7475,True,d60_hh107,head
d117,a0,d117_309,middle_class,47,3,1,0,0.7,47893,True,d117_hh245,head
d117,a0,d117_291,working_class,39,3,0,0,0.65,26795,True,d117_hh245,partner
d21,a3,d21_50,retired,96,4,0,0,0.3,46448,True,d21_hh16,head
d190,a3,d190_111,farmer_agricultural,38,1,0,0,0.75,17770,True,d190_hh32,head
d190,a3,d190_232,working_class,41,0,1,2,0.65,27637,True,d190_hh32,partner
d190,a3,d190_111c0,na,13,na,0,0,0,0,True,d190_hh32,child
d190,a3,d190_111c1,na,13,na,1,0,0,0,True,d190_hh32,child
d214,a0,d214_204,working_class,56,4,1,0,0.65,36113,True,d214_hh166,head
d214,a0,d214_477,farmer_agricultural,47,4,1,0,0.75,37423,True,d214_hh166,partner
d141,a0,d141_101,affluent_professional,50,6,0,0,0.6,90837,True,d141_hh152,head
d141,a0,d141_124,rural_worker,57,0,0,0,0.7,21321,True,d141_hh152,partner
d43,a0,d43_27,retired,64,5,0,0,0.3,16221,True,d43_hh27,head
d43,a0,d43_158,working_class,54,0,0,0,0.65,29168,True,d43_hh27,partner
d176,a1,d176_426,working_class,55,1,0,0,0.65,16667,True,d176_hh85,head
d66,a4,d66_188,rural_worker,40,1,1,0,0.7,19995,True,d66_hh193,head
d66,a4,d66_300,working_class,60,1,1,0,0.65,23695,True,d66_hh193,partner
d55,a3,d55_13,retired,75,2,1,0,0.3,27987,True,d55_hh246,head
d55,a3,d55_325,farmer_agricultural,45,1,0,0,0.75,44091,True,d55_hh246,partner
d62,a0,d62_118,working_class,50,0,0,0,0.65,29257,True,d62_hh167,head
d62,a0,d62_144,affluent_professional,38,5,0,0,0.6,51636,True,d62_hh167,partner
d204,a3,d204_356,farmer_agricultural,73,1,0,0,0.75,25904,True,d204_hh158,head
d204,a3,d204_234,rural_worker,33,1,0,0,0.7,15363,True,d204_hh158,partner
d47,a1,d47_75,middle_class,56,4,1,2,0.7,11941,True,d47_hh128,head
d47,a1,d47_45,affluent_professional,32,4,0,0,0.6,105050,True,d47_hh128,partner
d136,a1,d136_256,working_class,45,4,1,0,0.65,35101,True,d136_hh192,head
d187,a0,d187_207,farmer_agricultural,50,1,0,0,0.75,-2370,True,d187_hh291,head
d187,a0,d187_263,retired,65,4,0,0,0.3,21313,True,d187_hh291,partner
d50,a3,d50_50,middle_class,39,3,1,0,0.7,28986,True,d50_hh90,head
d93,a1,d93_326,farmer_agricultural,43,2,1,0,0.75,40866,True,d93_hh80,head
d93,a1,d93_23,working_class,48,2,1,0,0.65,27579,True,d93_hh80,partner
d126,a4,d126_114,rural_worker,61,1,0,0,0.7,11244,True,d126_hh233,head
d126,a4,d126_274,affluent_professional,30,6,1,0,0.6,76199,True,d126_hh233,partner
d150,a3,d150_436,retired,59,4,0,0,0.3,21486,True,d150_hh8,head
d150,a3,d150_151,rural_worker,37,1,1,0,0.7,19710,True,d150_hh8,partner
d150,a3,d150_47,retired,82,3,1,0,0.3,-45,True,d150_hh8,partner
d79,a1,d79_44,retired,58,1,0,0,0.3,22173,True,d79_hh227,head
d186,a1,d186_23,rural_worker,51,2,1,0,0.7,23750,True,d186_hh175,head
d186,a1,d186_357,farmer_agricultural,49,2,1,0,0.75,28437,True,d186_hh175,partner
d82,a3,d82_138,working_class,35,2,1,0,0.65,13203,True,d82_hh41,head
d82,a3,d82_489,retired,82,2,0,0,0.3,33925,True,d82_hh41,partner
d119,a1,d119_14,farmer_agricultural,57,2,0,0,0.75,22470,True,d119_hh50,head
d103,a3,d103_504,working_class,41,3,0,3,0.65,23944,True,d103_hh205,head
d103,a3,d103_261,rural_worker,54,1,1,0,0.7,16151,True,d103_hh205,partner
d110,a0,d110_446,rural_worker,40,2,1,0,0.7,13907,True,d110_hh172,head
d110,a0,d110_193,working_class,30,1,1,1,0.65,22479,True,d110_hh172,partner
d10,a0,d10_1,middle_class,35,3,0,1,0.7,61142,True,d10_hh167,head
d10,a0,d10_294,retired,67,1,1,0,0.3,32439,True,d10_hh167,partner
d210,a0,d210_354,rural_worker,55,2,1,0,0.7,29639,True,d210_hh87,head
d210,a0,d210_443,middle_class,43,4,0,0,0.7,42169,True,d210_hh87,partner
d128,a4,d128_535,working_class,61,1,0,0,0.65,24771,True,d128_hh273,head
d128,a4,d128_373,farmer_agricultural,38,3,1,0,0.75,32813,True,d128_hh273,partner
d156,a0,d156_161,working_class,59,2,1,0,0.65,15634,True,d156_hh181,head
d156,a0,d156_288,working_class,71,2,0,0,0.65,32492,True,d156_hh181,partner
d118,a0,d118_334,retired,69,6,0,0,0.3,19753,True,d118_hh88,head
d118,a0,d118_161,farmer_agricultural,56,1,0,0,0.75,29473,True,d118_hh88,partner
d179,a4,d179_480,working_class,45,1,0,0,0.65,26518,True,d179_hh242,head
d179,a4,d179_139,working_class,71,2,0,0,0.65,34656,True,d179_hh242,partner
d152,a4,d152_362,rural_worker,45,3,0,0,0.7,23308,True,d152_hh187,head
d152,a4,d152_35,middle_class,50,3,0,0,0.7,55171,True,d152_hh187,partner
d59,a0,d59_191,affluent_professional,60,6,0,2,0.6,120008,True,d59_hh162,head
d59,a0,d59_223,working_class,59,2,0,0,0.65,30302,True,d59_hh162,partner
d108,a1,d108_199,young_professional,25,4,1,0,0.2,40566,True,d108_hh241,head
d108,a1,d108_419,middle_class,37,5,1,0,0.7,30865,True,d108_hh241,partner
d70,a0,d70_225,low_income,26,0,1,0,0.5,18275,True,d70_hh110,head
d196,a1,d196_322,rural_worker,37,1,1,0,0.7,15517,True,d196_hh215,head
d76,a1,d76_321,working_class,57,3,0,0,0.65,32463,True,d76_hh193,head
d76,a1,d76_178,middle_class,42,5,0,0,0.7,30941,True,d76_hh193,partner
d7,a0,d7_140,rural_worker,53,1,1,0,0.7,34957,True,d7_hh124,head
d7,a0,d7_165,retired,79,0,1,0,0.3,19575,True,d7_hh124,partner
d187,a0,d187_441,working_class,44,2,1,0,0.65,30480,True,d187_hh16,head
d107,a0,d107_182,middle_class,18,4,0,0,0.7,46749,True,d107_hh7,head
d112,a0,d112_318,rural_worker,54,0,0,0,0.7,25437,True,d112_hh176,head
d112,a0,d112_35,rural_worker,39,3,1,0,0.7,21562,True,d112_hh176,partner
d138,a4,d138_356,farmer_agricultural,62,3,0,0,0.75,31619,True,d138_hh10,head
d138,a4,d138_294,farmer_agricultural,49,2,1,0,0.75,36064,True,d138_hh10,partner
d28,a0,d28_462,middle_class,21,3,1,3,0.7,25851,True,d28_hh253,head
d28,a0,d28_419,low_income,43,0,0,2,0.5,15185,True,d28_hh253,partner
d28,a0,d28_462c0,na,1,na,0,3,0,0,True,d28_hh253,child
d204,a3,d204_155,working_class,40,1,1,0,0.65,23747,True,d204_hh173,head
d204,a3,d204_2,working_class,37,2,1,0,0.65,24299,True,d204_hh173,partner
d142,a0,d142_318,working_class,45,1,1,0,0.65,19975,True,d142_hh269,head
d142,a0,d142_318c0,na,8,na,0,0,0,0,True,d142_hh269,child
d214,a0,d214_356,retired,72,1,1,0,0.3,32297,True,d214_hh184,head
d11,a3,d11_290,retired,79,1,1,0,0.3,32227,True,d11_hh244,head
d11,a3,d11_207,rural_worker,37,2,1,0,0.7,11628,True,d11_hh244,partner
d195,a1,d195_38,working_class,43,3,0,0,0.65,29758,True,d195_hh97,head
d195,a1,d195_2,middle_class,30,3,1,0,0.7,53571,True,d195_hh97,partner
d22,a1,d22_235,affluent_professional,44,5,0,0,0.6,26100,True,d22_hh190,head
d22,a1,d22_4,middle_class,51,5,1,0,0.7,42429,True,d22_hh190,partner
d116,a3,d116_213,rural_worker,46,1,0,0,0.7,25078,True,d116_hh118,head
d116,a3,d116_87,middle_class,46,5,1,1,0.7,25840,True,d116_hh118,partner
d88,a4,d88_314,farmer_agricultural,56,2,0,0,0.75,32136,True,d88_hh191,head
d88,a4,d88_90,rural_worker,54,1,0,0,0.7,31179,True,d88_hh191,partner
d70,a0,d70_154,working_class,65,1,0,0,0.65,35468,True,d70_hh76,head
d70,a0,d70_36,student,19,4,1,0,0.05,5048,True,d70_hh76,partner
d128,a4,d128_468,retired,68,2,1,0,0.3,40792,True,d128_hh43,head
d5,a1,d5_355,rural_worker,40,3,1,0,0.7,31702,True,d5_hh117,head
d5,a1,d5_49,rural_worker,56,0,0,0,0.7,22086,True,d5_hh117,partner
d5,a1,d5_355c0,na,14,na,1,0,0,0,True,d5_hh117,child
d5,a1,d5_355c1,na,7,na,0,0,0,0,True,d5_hh117,child
d153,a0,d153_330,low_income,58,0,1,0,0.5,20589,True,d153_hh26,head
d153,a0,d153_402,middle_class,61,4,0,0,0.7,33141,True,d153_hh26,partner
d108,a1,d108_14,middle_class,36,3,0,0,0.7,44313,True,d108_hh230,head
d108,a1,d108_65,middle_class,22,4,1,0,0.7,42128,True,d108_hh230,partner
d108,a1,d108_14c0,na,15,na,0,0,0,0,True,d108_hh230,child
d122,a1,d122_20,middle_class,53,0,1,0,0.7,42020,True,d122_hh181,head
d122,a1,d122_13,retired,71,2,0,0,0.3,21074,True,d122_hh181,partner
d76,a1,d76_240,rural_worker,55,2,1,0,0.7,14985,True,d76_hh187,head
d76,a1,d76_124,affluent_professional,50,6,0,0,0.6,53912,True,d76_hh187,partner
d154,a3,d154_161,working_class,35,3,0,3,0.65,34032,True,d154_hh157,head
d154,a3,d154_57,farmer_agricultural,34,0,0,0,0.75,48269,True,d154_hh157,partner
d112,a0,d112_91,working_class,43,1,1,0,0.65,25423,True,d112_hh155,head
d112,a0,d112_383,farmer_agricultural,36,0,1,0,0.75,44864,True,d112_hh155,partner
d179,a4,d179_380,farmer_agricultural,51,2,1,0,0.75,36052,True,d179_hh267,head
d179,a4,d179_228,retired,67,0,0,0,0.3,13704,True,d179_hh267,partner
d214,a0,d214_432,middle_class,45,4,0,0,0.7,44662,True,d214_hh171,head
d214,a0,d214_430,farmer_agricultural,58,2,0,0,0.75,60920,True,d214_hh171,partner
d118,a0,d118_22,working_class,41,1,1,0,0.65,38417,True,d118_hh262,head
d118,a0,d118_453,affluent_professional,36,4,1,0,0.6,77861,True,d118_hh262,partner
d118,a0,d118_22c0,na,3,na,0,0,0,0,True,d118_hh262,child
d15,a0,d15_395,farmer_agricultural,41,2,0,0,0.75,23763,True,d15_hh97,head
d15,a0,d15_421,farmer_agricultural,32,1,1,0,0.75,4017,True,d15_hh97,partner
d15,a0,d15_294,retired,75,3,0,0,0.3,20174,True,d15_hh97,partner
d15,a0,d15_145,farmer_agricultural,63,2,0,0,0.75,16379,True,d15_hh97,partner
d55,a3,d55_101,rural_worker,36,3,1,0,0.7,11952,True,d55_hh229,head
d55,a3,d55_167,middle_class,43,5,0,0,0.7,37074,True,d55_hh229,partner
d118,a0,d118_312,rural_worker,53,3,0,0,0.7,24388,True,d118_hh188,head
d118,a0,d118_491,middle_class,60,4,0,0,0.7,28122,True,d118_hh188,partner
d160,a1,d160_190,farmer_agricultural,49,1,0,0,0.75,20548,True,d160_hh232,head
d160,a1,d160_7,working_class,53,3,0,0,0.65,8882,True,d160_hh232,partner
d214,a0,d214_39,rural_worker,44,1,1,0,0.7,19019,True,d214_hh252,head
d149,a3,d149_6,rural_worker,52,0,0,0,0.7,36637,True,d149_hh30,head
d149,a3,d149_41,affluent_professional,39,6,1,0,0.6,41471,True,d149_hh30,partner
d149,a3,d149_6c0,na,15,na,1,0,0,0,True,d149_hh30,child
d56,a3,d56_291,rural_worker,50,1,0,0,0.7,20909,True,d56_hh89,head
d78,a3,d78_232,working_class,48,1,0,0,0.65,27860,True,d78_hh123,head
d78,a3,d78_232c0,na,11,na,1,0,0,0,True,d78_hh123,child
d78,a3,d78_232c1,na,5,na,1,0,0,0,True,d78_hh123,child
d78,a3,d78_232c2,na,13,na,1,0,0,0,True,d78_hh123,child
d78,a3,d78_232c3,na,13,na,0,0,0,0,True,d78_hh123,child
d212,a0,d212_165,middle_class,60,2,0,0,0.7,27444,True,d212_hh155,head
d212,a0,d212_327,working_class,30,1,0,0,0.65,30591,True,d212_hh155,partner
d212,a0,d212_414,working_class,39,3,0,0,0.65,26426,True,d212_hh61,head
d212,a0,d212_414c0,na,4,na,1,0,0,0,True,d212_hh61,child
d212,a0,d212_414c1,na,0,na,1,0,0,0,True,d212_hh61,child
d203,a1,d203_51,young_professional,24,5,0,0,0.2,28993,True,d203_hh172,head
d203,a1,d203_246,working_class,66,2,1,3,0.65,35962,True,d203_hh172,partner
d176,a1,d176_423,middle_class,49,6,0,0,0.7,46929,True,d176_hh125,head
d176,a1,d176_377,working_class,66,0,1,0,0.65,25116,True,d176_hh125,partner
d63,a1,d63_96,retired,81,2,0,0,0.3,22109,True,d63_hh69,head
d88,a4,d88_276,retired,63,3,1,0,0.3,26856,True,d88_hh108,head
d88,a4,d88_475,retired,75,1,0,0,0.3,26927,True,d88_hh108,partner
d110,a0,d110_48,rural_worker,31,2,0,0,0.7,31304,True,d110_hh236,head
d77,a3,d77_114,working_class,32,2,0,0,0.65,27677,True,d77_hh40,head
d70,a0,d70_20,low_income,17,1,1,2,0.5,4995,True,d70_hh136,head
d179,a4,d179_197,retired,77,1,0,0,0.3,18411,True,d179_hh41,head
d42,a1,d42_408,middle_class,40,5,0,0,0.7,19676,True,d42_hh165,head
d42,a1,d42_224,working_class,42,2,1,0,0.65,26552,True,d42_hh165,partner
d42,a1,d42_408c0,na,16,na,1,0,0,0,True,d42_hh165,child
d87,a4,d87_287,rural_worker,45,0,0,0,0.7,14567,True,d87_hh38,head
d87,a4,d87_415,affluent_professional,44,5,1,0,0.6,64244,True,d87_hh38,partner
d87,a4,d87_287c0,na,11,na,1,0,0,0,True,d87_hh38,child
d102,a2,d102_512,farmer_agricultural,67,2,0,0,0.75,60046,True,d102_hh228,head
d174,a3,d174_259,rural_worker,59,2,0,0,0.7,12453,True,d174_hh85,head
d184,a2,d184_212,middle_class,66,2,0,0,0.7,32892,True,d184_hh210,head
d184,a2,d184_492,rural_worker,44,2,0,0,0.7,23897,True,d184_hh210,partner
d69,a3,d69_383,working_class,61,3,0,0,0.65,28083,True,d69_hh99,head
d69,a3,d69_436,farmer_agricultural,50,1,1,0,0.75,9838,True,d69_hh99,partner
d125,a1,d125_448,retired,66,3,0,0,0.3,2454,True,d125_hh236,head
d125,a1,d125_279,middle_class,60,4,0,0,0.7,39813,True,d125_hh236,partner
d164,a0,d164_177,rural_worker,53,2,1,0,0.7,30739,True,d164_hh220,head
d164,a0,d164_393,farmer_agricultural,63,2,0,0,0.75,38462,True,d164_hh220,partner
d16,a3,d16_480,farmer_agricultural,58,0,0,0,0.75,14110,True,d16_hh177,head
d16,a3,d16_39,middle_class,66,7,0,0,0.7,63616,True,d16_hh177,partner
d11,a3,d11_473,middle_class,37,3,1,0,0.7,42856,True,d11_hh214,head
d37,a1,d37_377,middle_class,47,3,1,0,0.7,27293,True,d37_hh160,head
d37,a1,d37_242,middle_class,37,2,1,0,0.7,40523,True,d37_hh160,partner
d144,a1,d144_210,working_class,61,2,1,0,0.65,24570,True,d144_hh289,head
d56,a3,d56_466,farmer_agricultural,74,3,1,0,0.75,28561,True,d56_hh63,head
d56,a3,d56_104,retired,66,2,0,0,0.3,35233,True,d56_hh63,partner
d156,a0,d156_329,affluent_professional,34,7,1,0,0.6,81123,True,d156_hh151,head
d156,a0,d156_129,farmer_agricultural,51,0,0,0,0.75,53144,True,d156_hh151,partner
d183,a3,d183_87,retired,62,1,0,0,0.3,25262,True,d183_hh93,head
d45,a3,d45_282,affluent_professional,45,4,1,3,0.6,14116,True,d45_hh79,head
d18,a0,d18_160,farmer_agricultural,40,5,1,0,0.75,9147,True,d18_hh6,head
d18,a0,d18_383,retired,76,5,0,0,0.3,24465,True,d18_hh6,partner
d18,a0,d18_368,farmer_agricultural,72,2,0,0,0.75,25612,True,d18_hh6,partner
d25,a0,d25_271,middle_class,31,5,0,2,0.7,33289,True,d25_hh80,head
d25,a0,d25_68,middle_class,54,5,0,0,0.7,34784,True,d25_hh80,partner
d25,a0,d25_413,middle_class,52,2,0,0,0.7,46405,True,d25_hh80,partner
d25,a0,d25_432,middle_class,51,3,0,0,0.7,24985,True,d25_hh80,partner
d107,a0,d107_45,affluent_professional,49,6,1,0,0.6,60568,True,d107_hh258,head
d107,a0,d107_157,rural_worker,42,2,0,0,0.7,24972,True,d107_hh258,partner
d155,a3,d155_161,rural_worker,20,2,1,0,0.7,2369,True,d155_hh206,head
d155,a3,d155_58,retired,74,2,1,0,0.3,25963,True,d155_hh206,partner
d63,a1,d63_438,retired,55,1,1,0,0.3,24841,True,d63_hh131,head
d63,a1,d63_66,middle_class,27,3,0,0,0.7,24065,True,d63_hh131,partner
d65,a4,d65_450,farmer_agricultural,40,2,0,0,0.75,1855,True,d65_hh67,head
d65,a4,d65_187,farmer_agricultural,48,2,1,0,0.75,41315,True,d65_hh67,partner
d193,a0,d193_303,working_class,33,2,0,0,0.65,24035,True,d193_hh67,head
d193,a0,d193_304,working_class,42,2,1,0,0.65,38633,True,d193_hh67,partner
d81,a0,d81_94,working_class,42,3,1,0,0.65,27525,True,d81_hh81,head
d30,a4,d30_529,retired,85,5,0,0,0.3,32940,True,d30_hh132,head
d30,a4,d30_32,working_class,43,2,1,0,0.65,17025,True,d30_hh132,partner
d69,a3,d69_268,retired,67,4,0,0,0.3,10830,True,d69_hh222,head
d148,a0,d148_49,affluent_professional,56,7,0,0,0.6,57567,True,d148_hh247,head
d148,a0,d148_199,middle_class,61,2,1,0,0.7,53587,True,d148_hh247,partner
d208,a3,d208_160,farmer_agricultural,32,0,0,0,0.75,14342,True,d208_hh137,head
d208,a3,d208_72,rural_worker,29,1,0,0,0.7,26473,True,d208_hh137,partner
d59,a0,d59_330,rural_worker,34,1,1,0,0.7,24287,True,d59_hh132,head
d59,a0,d59_492,affluent_professional,33,6,0,0,0.6,80578,True,d59_hh132,partner
d59,a0,d59_330c0,na,3,na,1,0,0,0,True,d59_hh132,child
d196,a1,d196_205,affluent_professional,44,5,0,2,0.6,53019,True,d196_hh229,head
d196,a1,d196_221,retired,80,5,0,0,0.3,26318,True,d196_hh229,partner
d77,a3,d77_395,farmer_agricultural,57,1,1,0,0.75,40233,True,d77_hh83,head
d77,a3,d77_316,middle_class,52,6,1,0,0.7,60887,True,d77_hh83,partner
d165,a1,d165_31,affluent_professional,45,4,0,0,0.6,59627,True,d165_hh274,head
d165,a1,d165_389,working_class,42,1,1,0,0.65,26873,True,d165_hh274,partner
d140,a0,d140_67,retired,71,3,1,0,0.3,24350,True,d140_hh260,head
d140,a0,d140_266,rural_worker,49,1,1,0,0.7,15542,True,d140_hh260,partner
d192,a3,d192_182,working_class,41,1,1,0,0.65,24431,True,d192_hh58,head
d192,a3,d192_81,retired,84,0,0,0,0.3,38243,True,d192_hh58,partner
d141,a0,d141_470,farmer_agricultural,60,1,1,0,0.75,10329,True,d141_hh6,head
d141,a0,d141_467,farmer_agricultural,57,4,0,0,0.75,22937,True,d141_hh6,partner
d202,a0,d202_287,working_class,56,2,1,0,0.65,25150,True,d202_hh111,head
d202,a0,d202_293,farmer_agricultural,41,2,0,0,0.75,24317,True,d202_hh111,partner
d148,a0,d148_151,working_class,42,1,1,0,0.65,34966,True,d148_hh100,head
d169,a3,d169_251,working_class,54,2,1,1,0.65,43957,True,d169_hh148,head
d169,a3,d169_347,rural_worker,54,3,1,0,0.7,22322,True,d169_hh148,partner
d175,a3,d175_213,retired,66,0,0,0,0.3,29604,True,d175_hh239,head
d205,a0,d205_217,retired,76,5,1,0,0.3,25162,True,d205_hh217,head
d205,a0,d205_253,middle_class,52,1,1,0,0.7,23167,True,d205_hh217,partner
d161,a1,d161_127,retired,68,2,0,0,0.3,25914,True,d161_hh250,head
d161,a1,d161_428,rural_worker,45,2,0,0,0.7,23946,True,d161_hh250,partner
d125,a1,d125_325,retired,70,3,1,0,0.3,11542,True,d125_hh189,head
d85,a1,d85_33,working_class,45,1,1,2,0.65,23279,True,d85_hh104,head
d85,a1,d85_318,middle_class,33,4,1,0,0.7,20343,True,d85_hh104,partner
d51,a3,d51_7,retired,77,5,1,1,0.3,11095,True,d51_hh186,head
d51,a3,d51_181,rural_worker,42,1,0,0,0.7,14109,True,d51_hh186,partner
d160,a1,d160_251,affluent_professional,41,6,1,0,0.6,48858,True,d160_hh59,head
d13,a2,d13_344,farmer_agricultural,52,1,0,0,0.75,6733,True,d13_hh263,head
d7,a0,d7_248,farmer_agricultural,39,1,0,0,0.75,8179,True,d7_hh64,head
d7,a0,d7_74,farmer_agricultural,64,1,1,0,0.75,36620,True,d7_hh64,partner
d7,a0,d7_62,retired,72,4,1,0,0.3,7886,True,d7_hh64,partner
d7,a0,d7_109,retired,67,3,1,0,0.3,8708,True,d7_hh64,partner
d158,a4,d158_386,retired,77,3,0,0,0.3,33528,True,d158_hh85,head
d55,a3,d55_441,retired,67,3,0,0,0.3,21955,True,d55_hh131,head
d41,a1,d41_194,working_class,51,3,0,0,0.65,28377,True,d41_hh254,head
d41,a1,d41_288,working_class,55,2,1,0,0.65,35947,True,d41_hh254,partner
d194,a0,d194_274,middle_class,58,6,1,0,0.7,18427,True,d194_hh114,head
d194,a0,d194_218,young_professional,28,6,0,0,0.2,35718,True,d194_hh114,partner
d170,a4,d170_65,affluent_professional,48,5,1,0,0.6,67592,True,d170_hh63,head
d21,a3,d21_126,affluent_professional,39,5,0,0,0.6,62246,True,d21_hh21,head
d21,a3,d21_11,middle_class,51,6,1,0,0.7,64081,True,d21_hh21,partner
d162,a3,d162_117,retired,73,6,0,0,0.3,15516,True,d162_hh113,head
d209,a1,d209_16,affluent_professional,50,6,1,0,0.6,60102,True,d209_hh40,head
d209,a1,d209_53,rural_worker,44,0,1,0,0.7,14422,True,d209_hh40,partner
d211,a1,d211_218,student,23,2,1,0,0.05,5014,True,d211_hh86,head
d211,a1,d211_384,working_class,52,1,0,0,0.65,24750,True,d211_hh86,partner
d211,a1,d211_329,young_professional,37,6,1,2,0.2,16669,True,d211_hh86,partner
d211,a1,d211_367,working_class,51,1,0,0,0.65,23080,True,d211_hh86,partner
d211,a1,d211_147,retired,63,1,0,0,0.3,12829,True,d211_hh86,partner
d76,a1,d76_113,affluent_professional,33,7,0,0,0.6,45538,True,d76_hh6,head
d76,a1,d76_165,middle_class,38,3,0,0,0.7,34518,True,d76_hh6,partner
d128,a4,d128_223,retired,59,4,0,0,0.3,18421,True,d128_hh184,head
d128,a4,d128_197,rural_worker,30,1,0,0,0.7,23002,True,d128_hh184,partner
d33,a3,d33_309,farmer_agricultural,22,1,0,0,0.75,33205,True,d33_hh266,head
d13,a2,d13_233,working_class,70,2,0,0,0.65,27143,True,d13_hh157,head
d13,a2,d13_249,farmer_agricultural,53,2,1,0,0.75,22883,True,d13_hh157,partner
d112,a0,d112_131,rural_worker,40,1,1,0,0.7,20303,True,d112_hh177,head
d112,a0,d112_296,middle_class,42,3,0,0,0.7,38059,True,d112_hh177,partner
d88,a4,d88_66,middle_class,42,5,0,0,0.7,38062,True,d88_hh267,head
d88,a4,d88_165,working_class,52,3,0,0,0.65,21444,True,d88_hh267,partner
d144,a1,d144_203,rural_worker,52,3,0,0,0.7,23908,True,d144_hh253,head
d144,a1,d144_188,middle_class,39,1,1,0,0.7,46141,True,d144_hh253,partner
d51,a3,d51_446,retired,69,2,1,0,0.3,7360,True,d51_hh285,head
d51,a3,d51_245,retired,66,2,0,0,0.3,12482,True,d51_hh285,partner
d135,a4,d135_48,rural_worker,32,2,0,0,0.7,28059,True,d135_hh191,head
d61,a0,d61_210,retired,72,3,0,0,0.3,12859,True,d61_hh246,head
d61,a0,d61_163,working_class,37,2,1,0,0.65,37971,True,d61_hh246,partner
d208,a3,d208_365,retired,65,2,1,0,0.3,29879,True,d208_hh221,head
d208,a3,d208_333,rural_worker,44,1,1,0,0.7,22462,True,d208_hh221,partner
d205,a0,d205_245,farmer_agricultural,57,2,1,0,0.75,38947,True,d205_hh73,head
d205,a0,d205_364,farmer_agricultural,45,3,1,0,0.75,41848,True,d205_hh73,partner
d106,a3,d106_23,rural_worker,47,0,1,0,0.7,33785,True,d106_hh24,head
d106,a3,d106_164,rural_worker,36,2,1,0,0.7,10053,True,d106_hh24,partner
d106,a3,d106_23c0,na,11,na,0,0,0,0,True,d106_hh24,child
d106,a3,d106_23c1,na,6,na,0,0,0,0,True,d106_hh24,child
d38,a3,d38_49,working_class,64,1,1,0,0.65,33456,True,d38_hh101,head
d38,a3,d38_484,rural_worker,50,1,0,0,0.7,30839,True,d38_hh101,partner
d135,a4,d135_35,farmer_agricultural,38,2,0,0,0.75,13765,True,d135_hh226,head
d135,a4,d135_95,farmer_agricultural,57,1,1,0,0.75,40106,True,d135_hh226,partner
d213,a3,d213_383,working_class,74,3,1,0,0.65,25481,True,d213_hh238,head
d35,a0,d35_279,affluent_professional,54,7,1,2,0.6,27577,True,d35_hh211,head
d35,a0,d35_178,affluent_professional,33,6,1,0,0.6,60284,True,d35_hh211,partner
d9,a3,d9_229,middle_class,52,3,1,0,0.7,38032,True,d9_hh170,head
d9,a3,d9_47,working_class,39,2,1,0,0.65,33939,True,d9_hh170,partner
d72,a0,d72_531,retired,68,0,1,2,0.3,14822,True,d72_hh77,head
d163,a1,d163_373,retired,76,0,1,0,0.3,29415,True,d163_hh115,head
d163,a1,d163_35,rural_worker,40,2,1,0,0.7,12979,True,d163_hh115,partner
d79,a1,d79_105,retired,74,2,1,2,0.3,25146,True,d79_hh255,head
d79,a1,d79_155,working_class,39,3,1,0,0.65,27971,True,d79_hh255,partner
d8,a0,d8_374,young_professional,35,6,0,0,0.2,46484,True,d8_hh155,head
d203,a1,d203_357,working_class,46,2,1,0,0.65,20414,True,d203_hh96,head
d203,a1,d203_357c0,na,8,na,0,0,0,0,True,d203_hh96,child
d46,a0,d46_343,rural_worker,35,1,1,0,0.7,9063,True,d46_hh57,head
d46,a0,d46_395,rural_worker,22,1,1,0,0.7,27987,True,d46_hh57,partner
d205,a0,d205_326,farmer_agricultural,52,1,1,0,0.75,30460,True,d205_hh54,head
d6,a0,d6_242,middle_class,49,2,1,0,0.7,47246,True,d6_hh155,head
d6,a0,d6_440,rural_worker,16,1,0,0,0.7,31980,True,d6_hh155,partner
d3,a1,d3_157,middle_class,26,5,1,0,0.7,40232,True,d3_hh27,head
d3,a1,d3_116,middle_class,64,5,0,0,0.7,55541,True,d3_hh27,partner
d125,a1,d125_276,rural_worker,45,1,0,0,0.7,17159,True,d125_hh167,head
d125,a1,d125_178,farmer_agricultural,54,0,1,0,0.75,25059,True,d125_hh167,partner
d19,a0,d19_9,rural_worker,56,1,0,0,0.7,23638,True,d19_hh147,head
d19,a0,d19_141,rural_worker,47,1,1,0,0.7,17788,True,d19_hh147,partner
d85,a1,d85_36,middle_class,42,2,1,0,0.7,35774,True,d85_hh214,head
d85,a1,d85_432,retired,66,3,0,0,0.3,36629,True,d85_hh214,partner
d181,a1,d181_80,affluent_professional,61,3,1,0,0.6,60935,True,d181_hh225,head
d181,a1,d181_330,middle_class,60,6,0,0,0.7,45741,True,d181_hh225,partner
d49,a3,d49_165,rural_worker,48,1,1,0,0.7,35189,True,d49_hh103,head
d49,a3,d49_472,middle_class,68,3,0,3,0.7,17304,True,d49_hh103,partner
d151,a3,d151_429,working_class,64,3,1,0,0.65,27623,True,d151_hh215,head
d66,a4,d66_253,working_class,50,3,0,0,0.65,36139,True,d66_hh13,head
d66,a4,d66_233,affluent_professional,42,4,0,0,0.6,59317,True,d66_hh13,partner
d161,a1,d161_479,working_class,42,2,0,2,0.65,19943,True,d161_hh238,head
d161,a1,d161_291,working_class,55,0,1,0,0.65,20190,True,d161_hh238,partner
d120,a0,d120_363,middle_class,52,3,0,2,0.7,51237,True,d120_hh118,head
d120,a0,d120_115,retired,69,4,1,0,0.3,30499,True,d120_hh118,partner
d1,a0,d1_23,rural_worker,43,0,0,0,0.7,14066,True,d1_hh234,head
d1,a0,d1_176,working_class,50,4,1,0,0.65,23105,True,d1_hh234,partner
d167,a0,d167_70,affluent_professional,35,4,1,0,0.6,67580,True,d167_hh276,head
d167,a0,d167_403,low_income,46,0,0,0,0.5,8982,True,d167_hh276,partner
d90,a1,d90_383,farmer_agricultural,75,1,0,0,0.75,53630,True,d90_hh214,head
d90,a1,d90_142,farmer_agricultural,51,1,0,2,0.75,25217,True,d90_hh214,partner
d143,a1,d143_297,rural_worker,56,1,0,0,0.7,25413,True,d143_hh82,head
d141,a0,d141_412,retired,62,3,0,0,0.3,18866,True,d141_hh235,head
d141,a0,d141_418,farmer_agricultural,50,2,1,0,0.75,20460,True,d141_hh235,partner
d82,a3,d82_432,farmer_agricultural,62,2,1,0,0.75,42217,True,d82_hh256,head
d82,a3,d82_190,middle_class,47,5,1,0,0.7,52488,True,d82_hh256,partner
d178,a3,d178_135,farmer_agricultural,52,2,0,0,0.75,21790,True,d178_hh263,head
d178,a3,d178_388,middle_class,49,4,0,0,0.7,39650,True,d178_hh263,partner
d14,a0,d14_142,middle_class,56,2,1,0,0.7,48694,True,d14_hh205,head
d14,a0,d14_346,middle_class,43,4,0,0,0.7,34554,True,d14_hh205,partner
d190,a3,d190_11,rural_worker,44,1,1,0,0.7,11597,True,d190_hh38,head
d190,a3,d190_358,middle_class,55,5,1,0,0.7,38758,True,d190_hh38,partner
d190,a3,d190_11c0,na,5,na,0,0,0,0,True,d190_hh38,child
d190,a3,d190_470,working_class,40,2,0,0,0.65,35253,True,d190_hh176,head
d91,a3,d91_496,farmer_agricultural,46,2,1,1,0.75,21926,True,d91_hh98,head
d91,a3,d91_309,working_class,37,3,0,0,0.65,32061,True,d91_hh98,partner
d58,a4,d58_166,rural_worker,67,0,0,0,0.7,18678,True,d58_hh81,head
d58,a4,d58_178,farmer_agricultural,59,1,0,0,0.75,39871,True,d58_hh81,partner
d16,a3,d16_19,rural_worker,56,2,0,1,0.7,7162,True,d16_hh75,head
d16,a3,d16_329,farmer_agricultural,52,3,1,0,0.75,37935,True,d16_hh75,partner
d181,a1,d181_355,working_class,38,2,1,0,0.65,22334,True,d181_hh17,head
d181,a1,d181_166,working_class,33,4,0,0,0.65,29102,True,d181_hh17,partner
d181,a1,d181_355c0,na,14,na,0,0,0,0,True,d181_hh17,child
d187,a0,d187_372,retired,68,4,0,0,0.3,17603,True,d187_hh32,head
d70,a0,d70_5,student,21,6,0,0,0.05,4906,True,d70_hh172,head
d70,a0,d70_166,student,22,4,0,2,0.05,12030,True,d70_hh172,partner
d70,a0,d70_361,affluent_professional,50,5,1,0,0.6,69014,True,d70_hh172,partner
d115,a0,d115_314,middle_class,51,4,0,0,0.7,38236,True,d115_hh186,head
d30,a4,d30_237,working_class,58,1,1,0,0.65,36929,True,d30_hh44,head
d30,a4,d30_175,affluent_professional,38,5,0,2,0.6,40493,True,d30_hh44,partner
d128,a4,d128_483,rural_worker,45,2,1,0,0.7,35645,True,d128_hh180,head
d128,a4,d128_483c0,na,5,na,1,0,0,0,True,d128_hh180,child
d128,a4,d128_483c1,na,8,na,0,0,0,0,True,d128_hh180,child
d128,a4,d128_483c2,na,12,na,0,0,0,0,True,d128_hh180,child
d101,a0,d101_384,middle_class,38,4,1,0,0.7,27952,True,d101_hh182,head
d120,a0,d120_29,working_class,40,1,0,0,0.65,31037,True,d120_hh45,head
d120,a0,d120_40,rural_worker,35,1,1,0,0.7,12030,True,d120_hh45,partner
d71,a1,d71_346,middle_class,63,2,1,0,0.7,34840,True,d71_hh163,head
d71,a1,d71_17,retired,78,1,1,0,0.3,18881,True,d71_hh163,partner
d69,a3,d69_394,farmer_agricultural,41,2,1,0,0.75,20688,True,d69_hh13,head
d69,a3,d69_338,farmer_agricultural,58,2,1,0,0.75,26696,True,d69_hh13,partner
d141,a0,d141_433,retired,72,1,1,0,0.3,35423,True,d141_hh194,head
d141,a0,d141_486,working_class,38,3,0,0,0.65,34652,True,d141_hh194,partner
d29,a1,d29_239,farmer_agricultural,31,2,0,0,0.75,38074,True,d29_hh167,head
d29,a1,d29_410,farmer_agricultural,63,0,0,0,0.75,32401,True,d29_hh167,partner
d208,a3,d208_4,working_class,75,3,0,0,0.65,25360,True,d208_hh2,head
d208,a3,d208_179,working_class,49,1,1,0,0.65,27751,True,d208_hh2,partner
d55,a3,d55_208,working_class,49,2,0,0,0.65,15673,True,d55_hh226,head
d73,a0,d73_386,retired,69,3,0,0,0.3,23553,True,d73_hh84,head
d73,a0,d73_77,farmer_agricultural,71,2,0,0,0.75,6266,True,d73_hh84,partner
d148,a0,d148_236,middle_class,36,2,1,0,0.7,37750,True,d148_hh117,head
d148,a0,d148_498,working_class,33,3,1,0,0.65,28679,True,d148_hh117,partner
d11,a3,d11_186,retired,62,0,0,0,0.3,17763,True,d11_hh26,head
d77,a3,d77_218,farmer_agricultural,64,3,0,0,0.75,43010,True,d77_hh156,head
d77,a3,d77_270,farmer_agricultural,69,3,1,0,0.75,28488,True,d77_hh156,partner
d37,a1,d37_277,retired,80,1,0,0,0.3,24032,True,d37_hh159,head
d37,a1,d37_421,retired,77,1,0,1,0.3,12923,True,d37_hh159,partner
d59,a0,d59_127,middle_class,57,8,1,0,0.7,30644,True,d59_hh207,head
d59,a0,d59_79,working_class,54,1,1,0,0.65,23575,True,d59_hh207,partner
d154,a3,d154_151,working_class,46,0,1,0,0.65,23111,True,d154_hh132,head
d154,a3,d154_422,rural_worker,41,1,0,0,0.7,15719,True,d154_hh132,partner
d154,a3,d154_151c0,na,11,na,1,0,0,0,True,d154_hh132,child
d6,a0,d6_247,retired,65,1,1,0,0.3,28553,True,d6_hh77,head
d32,a3,d32_258,rural_worker,41,0,0,0,0.7,13935,True,d32_hh203,head
d32,a3,d32_341,rural_worker,44,1,0,0,0.7,30969,True,d32_hh203,partner
d135,a4,d135_323,rural_worker,37,2,1,0,0.7,25066,True,d135_hh78,head
d135,a4,d135_313,farmer_agricultural,55,2,1,0,0.75,21233,True,d135_hh78,partner
d11,a3,d11_119,retired,71,4,0,0,0.3,36707,True,d11_hh79,head
d11,a3,d11_502,rural_worker,42,1,0,0,0.7,20527,True,d11_hh79,partner
d91,a3,d91_71,middle_class,44,5,1,0,0.7,25886,True,d91_hh241,head
d203,a1,d203_272,middle_class,42,4,0,0,0.7,31888,True,d203_hh139,head
d211,a1,d211_217,young_professional,26,5,1,0,0.2,10918,True,d211_hh211,head
d211,a1,d211_506,middle_class,44,8,0,0,0.7,47802,True,d211_hh211,partner
d94,a1,d94_209,working_class,62,2,1,0,0.65,20183,True,d94_hh137,head
d94,a1,d94_187,working_class,51,4,1,2,0.65,10093,True,d94_hh137,partner
d14,a0,d14_306,middle_class,46,0,1,0,0.7,41365,True,d14_hh75,head
d114,a1,d114_316,working_class,28,2,0,0,0.65,16321,True,d114_hh12,head
d114,a1,d114_348,working_class,45,0,0,0,0.65,27059,True,d114_hh12,partner
d8,a0,d8_214,middle_class,30,5,1,0,0.7,47168,True,d8_hh149,head
d215,a3,d215_471,farmer_agricultural,36,0,0,0,0.75,29540,True,d215_hh157,head
d44,a0,d44_443,affluent_professional,46,4,0,0,0.6,32754,True,d44_hh163,head
d44,a0,d44_233,farmer_agricultural,60,1,1,0,0.75,27181,True,d44_hh163,partner
d91,a3,d91_278,rural_worker,54,2,1,0,0.7,13846,True,d91_hh79,head
d91,a3,d91_128,middle_class,54,4,0,0,0.7,48208,True,d91_hh79,partner
d169,a3,d169_280,working_class,48,0,1,0,0.65,37898,True,d169_hh247,head
d169,a3,d169_121,rural_worker,47,0,1,0,0.7,29861,True,d169_hh247,partner
d16,a3,d16_315,rural_worker,46,2,1,0,0.7,18498,True,d16_hh201,head
d16,a3,d16_113,farmer_agricultural,37,2,0,0,0.75,40076,True,d16_hh201,partner
d56,a3,d56_188,rural_worker,60,2,1,0,0.7,19091,True,d56_hh166,head
d196,a1,d196_45,middle_class,23,5,0,2,0.7,24885,True,d196_hh126,head
d75,a4,d75_365,rural_worker,37,1,0,0,0.7,24624,True,d75_hh15,head
d75,a4,d75_238,retired,68,2,0,0,0.3,8617,True,d75_hh15,partner
d139,a0,d139_184,middle_class,31,4,1,0,0.7,30352,True,d139_hh9,head
d139,a0,d139_284,retired,68,5,0,0,0.3,22996,True,d139_hh9,partner
d130,a0,d130_374,farmer_agricultural,41,2,0,0,0.75,15838,True,d130_hh177,head
d130,a0,d130_40,working_class,51,2,1,0,0.65,27667,True,d130_hh177,partner
d65,a4,d65_454,retired,70,2,0,0,0.3,7591,True,d65_hh227,head
d73,a0,d73_340,working_class,62,3,1,0,0.65,34518,True,d73_hh153,head
d22,a1,d22_334,affluent_professional,52,6,0,0,0.6,56179,True,d22_hh176,head
d22,a1,d22_412,rural_worker,48,1,1,0,0.7,8586,True,d22_hh176,partner
d65,a4,d65_426,working_class,43,3,1,0,0.65,13130,True,d65_hh75,head
d65,a4,d65_314,farmer_agricultural,53,2,1,0,0.75,12406,True,d65_hh75,partner
d39,a3,d39_205,affluent_professional,43,5,1,0,0.6,64468,True,d39_hh96,head
d39,a3,d39_431,farmer_agricultural,55,1,0,0,0.75,36404,True,d39_hh96,partner
d206,a1,d206_482,working_class,53,2,1,0,0.65,18646,True,d206_hh279,head
d206,a1,d206_413,retired,71,2,1,0,0.3,23951,True,d206_hh279,partner
d23,a3,d23_360,rural_worker,34,1,0,0,0.7,35959,True,d23_hh236,head
d23,a3,d23_190,working_class,57,4,0,0,0.65,34215,True,d23_hh236,partner
d14,a0,d14_235,middle_class,48,2,1,0,0.7,34758,True,d14_hh67,head
d14,a0,d14_483,working_class,47,4,1,0,0.65,22562,True,d14_hh67,partner
d97,a3,d97_350,middle_class,31,4,0,0,0.7,43386,True,d97_hh20,head
d97,a3,d97_304,farmer_agricultural,50,1,1,0,0.75,6891,True,d97_hh20,partner
d189,a3,d189_405,affluent_professional,39,6,0,1,0.6,59544,True,d189_hh268,head
d189,a3,d189_95,working_class,29,6,0,0,0.65,32228,True,d189_hh268,partner
d189,a3,d189_405c0,na,8,na,1,1,0,0,True,d189_hh268,child
d82,a3,d82_357,retired,71,3,0,0,0.3,11575,True,d82_hh231,head
d82,a3,d82_196,retired,78,4,1,0,0.3,45426,True,d82_hh231,partner
d131,a1,d131_423,retired,68,5,1,0,0.3,26677,True,d131_hh41,head
d131,a1,d131_169,affluent_professional,54,5,1,0,0.6,74760,True,d131_hh41,partner
d185,a1,d185_43,middle_class,61,5,1,0,0.7,38429,True,d185_hh143,head
d9,a3,d9_464,rural_worker,43,2,1,0,0.7,24243,True,d9_hh289,head
d9,a3,d9_355,retired,72,4,0,0,0.3,28620,True,d9_hh289,partner
d130,a0,d130_297,working_class,63,3,1,3,0.65,33446,True,d130_hh273,head
d35,a0,d35_347,rural_worker,58,2,1,0,0.7,23857,True,d35_hh104,head
d35,a0,d35_151,working_class,51,2,1,0,0.65,26133,True,d35_hh104,partner
d13,a2,d13_87,retired,76,1,0,0,0.3,8960,True,d13_hh239,head
d13,a2,d13_366,rural_worker,48,1,0,0,0.7,14805,True,d13_hh239,partner
d15,a0,d15_403,working_class,51,1,0,0,0.65,23704,True,d15_hh188,head
d15,a0,d15_165,middle_class,35,3,1,0,0.7,40626,True,d15_hh188,partner
d194,a0,d194_308,young_professional,28,3,0,0,0.2,38648,True,d194_hh142,head
d194,a0,d194_150,retired,83,4,0,0,0.3,10372,True,d194_hh142,partner
d194,a0,d194_308c0,na,13,na,0,0,0,0,True,d194_hh142,child
d42,a1,d42_486,rural_worker,68,1,1,0,0.7,26910,True,d42_hh263,head
d42,a1,d42_290,farmer_agricultural,42,3,1,0,0.75,17363,True,d42_hh263,partner
d129,a1,d129_415,retired,62,2,0,0,0.3,25546,True,d129_hh209,head
d152,a4,d152_389,middle_class,47,3,1,0,0.7,49787,True,d152_hh175,head
d137,a1,d137_108,farmer_agricultural,41,0,0,0,0.75,13035,True,d137_hh201,head
d137,a1,d137_297,farmer_agricultural,61,2,1,0,0.75,9957,True,d137_hh201,partner
d94,a1,d94_357,working_class,50,1,0,2,0.65,36885,True,d94_hh246,head
d94,a1,d94_357c0,na,8,na,0,2,0,0,True,d94_hh246,child
d174,a3,d174_279,working_class,48,0,0,0,0.65,33875,True,d174_hh97,head
d174,a3,d174_339,rural_worker,28,0,0,0,0.7,20848,True,d174_hh97,partner
d64,a0,d64_424,rural_worker,49,2,1,0,0.7,14959,True,d64_hh137,head
d64,a0,d64_87,affluent_professional,36,5,0,0,0.6,65719,True,d64_hh137,partner
d191,a4,d191_520,retired,81,2,0,0,0.3,33081,True,d191_hh12,head
d191,a4,d191_387,rural_worker,45,1,0,0,0.7,21323,True,d191_hh12,partner
d134,a0,d134_362,working_class,53,0,0,0,0.65,17770,True,d134_hh31,head
d196,a1,d196_283,middle_class,49,1,1,0,0.7,30385,True,d196_hh139,head
d196,a1,d196_478,middle_class,33,4,1,0,0.7,23859,True,d196_hh139,partner
d125,a1,d125_352,farmer_agricultural,55,3,1,0,0.75,29735,True,d125_hh248,head
d125,a1,d125_318,rural_worker,55,2,0,0,0.7,25914,True,d125_hh248,partner
d2,a3,d2_309,rural_worker,39,2,0,0,0.7,5710,True,d2_hh232,head
d2,a3,d2_271,retired,68,3,0,0,0.3,17067,True,d2_hh232,partner
d140,a0,d140_178,farmer_agricultural,52,1,1,0,0.75,49833,True,d140_hh195,head
d140,a0,d140_494,farmer_agricultural,58,2,1,0,0.75,5251,True,d140_hh195,partner
d141,a0,d141_321,working_class,51,0,0,0,0.65,24871,True,d141_hh209,head
d122,a1,d122_506,working_class,47,3,1,0,0.65,29866,True,d122_hh271,head
d122,a1,d122_131,rural_worker,52,2,1,0,0.7,25892,True,d122_hh271,partner
d107,a0,d107_83,rural_worker,49,3,1,0,0.7,25887,True,d107_hh103,head
d107,a0,d107_404,middle_class,37,2,1,0,0.7,53779,True,d107_hh103,partner
d193,a0,d193_306,retired,64,5,0,0,0.3,16968,True,d193_hh61,head
d193,a0,d193_347,affluent_professional,36,7,1,0,0.6,79402,True,d193_hh61,partner
d193,a0,d193_118,retired,82,2,0,0,0.3,43324,True,d193_hh61,partner
d193,a0,d193_403,retired,81,3,0,0,0.3,19145,True,d193_hh61,partner
d193,a0,d193_453,retired,84,2,1,0,0.3,32217,True,d193_hh61,partner
d157,a0,d157_433,middle_class,51,3,0,0,0.7,50749,True,d157_hh215,head
d157,a0,d157_270,middle_class,38,4,0,0,0.7,39203,True,d157_hh215,partner
d136,a1,d136_506,affluent_professional,31,8,1,0,0.6,8404,True,d136_hh32,head
d136,a1,d136_428,middle_class,55,7,1,0,0.7,30931,True,d136_hh32,partner
d134,a0,d134_369,farmer_agricultural,48,3,0,0,0.75,19860,True,d134_hh76,head
d134,a0,d134_239,farmer_agricultural,38,2,1,0,0.75,8820,True,d134_hh76,partner
d143,a1,d143_87,rural_worker,46,1,0,0,0.7,21300,True,d143_hh224,head
d3,a1,d3_322,rural_worker,43,1,1,0,0.7,20877,True,d3_hh35,head
d3,a1,d3_317,middle_class,48,5,1,0,0.7,46561,True,d3_hh35,partner
d71,a1,d71_326,rural_worker,46,3,0,0,0.7,8928,True,d71_hh146,head
d71,a1,d71_177,middle_class,40,2,0,0,0.7,42772,True,d71_hh146,partner
d20,a3,d20_134,working_class,61,1,0,0,0.65,23173,True,d20_hh44,head
d20,a3,d20_12,farmer_agricultural,39,2,1,0,0.75,28246,True,d20_hh44,partner
d126,a4,d126_346,retired,67,4,0,0,0.3,12090,True,d126_hh184,head
d174,a3,d174_248,farmer_agricultural,46,2,1,0,0.75,75319,True,d174_hh6,head
d174,a3,d174_39,rural_worker,57,2,0,0,0.7,13745,True,d174_hh6,partner
d34,a1,d34_309,retired,65,1,0,0,0.3,18738,True,d34_hh12,head
d34,a1,d34_325,rural_worker,48,1,1,0,0.7,15760,True,d34_hh12,partner
d107,a0,d107_69,retired,77,2,1,0,0.3,29041,True,d107_hh246,head
d107,a0,d107_414,working_class,60,2,0,0,0.65,29555,True,d107_hh246,partner
d27,a3,d27_193,working_class,56,2,1,0,0.65,21265,True,d27_hh269,head
d27,a3,d27_288,retired,77,4,0,0,0.3,28632,True,d27_hh269,partner
d56,a3,d56_280,farmer_agricultural,65,0,1,0,0.75,7688,True,d56_hh177,head
d56,a3,d56_453,working_class,45,1,1,0,0.65,34893,True,d56_hh177,partner
d33,a3,d33_210,rural_worker,19,1,1,0,0.7,19281,True,d33_hh64,head
d33,a3,d33_86,retired,71,2,0,0,0.3,6591,True,d33_hh64,partner
d150,a3,d150_147,retired,67,5,1,0,0.3,4978,True,d150_hh168,head
d150,a3,d150_372,working_class,47,2,0,0,0.65,28415,True,d150_hh168,partner
d156,a0,d156_377,working_class,52,0,0,0,0.65,21729,True,d156_hh153,head
d156,a0,d156_13,working_class,39,2,0,1,0.65,34974,True,d156_hh153,partner
d103,a3,d103_500,affluent_professional,42,6,1,0,0.6,55308,True,d103_hh192,head
d103,a3,d103_205,middle_class,49,6,1,0,0.7,47222,True,d103_hh192,partner
d171,a3,d171_52,affluent_professional,44,6,1,0,0.6,60746,True,d171_hh189,head
d171,a3,d171_169,rural_worker,40,3,1,0,0.7,15388,True,d171_hh189,partner
d73,a0,d73_134,middle_class,53,2,1,0,0.7,45363,True,d73_hh33,head
d73,a0,d73_334,farmer_agricultural,49,1,0,0,0.75,65174,True,d73_hh33,partner
d176,a1,d176_276,middle_class,44,2,1,0,0.7,29309,True,d176_hh194,head
d91,a3,d91_264,farmer_agricultural,47,1,0,0,0.75,35579,True,d91_hh113,head
d91,a3,d91_454,working_class,43,4,1,0,0.65,34542,True,d91_hh113,partner
d191,a4,d191_338,middle_class,48,6,1,0,0.7,32562,True,d191_hh30,head
d191,a4,d191_279,middle_class,34,3,1,0,0.7,47164,True,d191_hh30,partner
d191,a4,d191_338c0,na,3,na,0,0,0,0,True,d191_hh30,child
d131,a1,d131_460,farmer_agricultural,71,2,0,0,0.75,35882,True,d131_hh204,head
d131,a1,d131_130,rural_worker,45,2,0,0,0.7,13927,True,d131_hh204,partner
d32,a3,d32_206,rural_worker,46,3,0,0,0.7,28279,True,d32_hh101,head
d32,a3,d32_42,retired,73,2,1,0,0.3,32867,True,d32_hh101,partner
d11,a3,d11_141,farmer_agricultural,34,2,1,0,0.75,10661,True,d11_hh132,head
d11,a3,d11_195,retired,60,5,1,0,0.3,9508,True,d11_hh132,partner
d170,a4,d170_149,working_class,62,2,1,0,0.65,35660,True,d170_hh273,head
d170,a4,d170_424,rural_worker,59,2,1,0,0.7,17290,True,d170_hh273,partner
d131,a1,d131_383,farmer_agricultural,61,2,1,0,0.75,6570,True,d131_hh212,head
d131,a1,d131_270,working_class,53,0,1,0,0.65,41730,True,d131_hh212,partner
d111,a4,d111_385,middle_class,50,7,1,0,0.7,41289,True,d111_hh206,head
d111,a4,d111_8,working_class,57,2,0,2,0.65,28531,True,d111_hh206,partner
d91,a3,d91_406,working_class,56,3,0,0,0.65,26940,True,d91_hh32,head
d91,a3,d91_223,working_class,26,2,1,0,0.65,31554,True,d91_hh32,partner
d187,a0,d187_150,middle_class,45,4,0,0,0.7,21755,True,d187_hh30,head
d187,a0,d187_488,retired,74,0,0,0,0.3,36358,True,d187_hh30,partner
d121,a0,d121_54,working_class,44,1,0,0,0.65,22385,True,d121_hh170,head
d60,a1,d60_61,middle_class,30,5,0,0,0.7,48521,True,d60_hh191,head
d60,a1,d60_269,affluent_professional,40,4,1,0,0.6,35771,True,d60_hh191,partner
d153,a0,d153_225,young_professional,34,4,0,0,0.2,25020,True,d153_hh100,head
d153,a0,d153_124,retired,65,0,0,0,0.3,5828,True,d153_hh100,partner
d134,a0,d134_340,middle_class,55,4,1,1,0.7,36140,True,d134_hh156,head
d134,a0,d134_414,rural_worker,58,3,0,0,0.7,8847,True,d134_hh166,head
d134,a0,d134_34,rural_worker,55,1,1,0,0.7,20572,True,d134_hh166,partner
d167,a0,d167_211,young_professional,29,4,1,0,0.2,41046,True,d167_hh70,head
d196,a1,d196_244,working_class,50,2,0,0,0.65,28130,True,d196_hh197,head
d196,a1,d196_474,middle_class,58,4,0,0,0.7,50041,True,d196_hh197,partner
d71,a1,d71_294,working_class,51,3,1,0,0.65,38471,True,d71_hh245,head
d71,a1,d71_91,middle_class,49,6,1,2,0.7,25438,True,d71_hh245,partner
d142,a0,d142_7,middle_class,35,5,1,2,0.7,55601,True,d142_hh106,head
d142,a0,d142_7c0,na,4,na,1,2,0,0,True,d142_hh106,child
d99,a4,d99_192,farmer_agricultural,34,1,0,0,0.75,43326,True,d99_hh230,head
d99,a4,d99_34,farmer_agricultural,45,1,0,0,0.75,14101,True,d99_hh230,partner
d124,a3,d124_174,working_class,47,2,1,0,0.65,21670,True,d124_hh118,head
d124,a3,d124_175,retired,69,2,0,0,0.3,25457,True,d124_hh118,partner
d202,a0,d202_71,rural_worker,40,3,1,0,0.7,17856,True,d202_hh17,head
d202,a0,d202_72,rural_worker,49,0,0,0,0.7,18604,True,d202_hh17,partner
d202,a0,d202_71c0,na,11,na,1,0,0,0,True,d202_hh17,child
d202,a0,d202_307,retired,68,2,0,0,0.3,31487,True,d202_hh222,head
d215,a3,d215_323,working_class,50,3,1,0,0.65,35503,True,d215_hh82,head
d128,a4,d128_534,retired,67,5,0,0,0.3,25034,True,d128_hh297,head
d185,a1,d185_10,middle_class,37,3,0,0,0.7,35813,True,d185_hh57,head
d185,a1,d185_156,middle_class,49,5,1,3,0.7,26715,True,d185_hh57,partner
d204,a3,d204_120,working_class,75,3,0,2,0.65,23917,True,d204_hh231,head
d148,a0,d148_73,young_professional,30,7,1,0,0.2,23044,True,d148_hh104,head
d148,a0,d148_345,middle_class,58,1,0,0,0.7,50128,True,d148_hh104,partner
d198,a1,d198_149,farmer_agricultural,47,1,1,0,0.75,56017,True,d198_hh78,head
d198,a1,d198_70,rural_worker,49,1,0,0,0.7,21889,True,d198_hh78,partner
d160,a1,d160_397,farmer_agricultural,33,2,1,0,0.75,29771,True,d160_hh104,head
d160,a1,d160_496,middle_class,58,4,0,0,0.7,35627,True,d160_hh104,partner
d180,a4,d180_396,working_class,87,4,1,0,0.65,28656,True,d180_hh254,head
d180,a4,d180_306,middle_class,49,3,0,0,0.7,42477,True,d180_hh254,partner
d101,a0,d101_167,working_class,47,3,0,0,0.65,22222,True,d101_hh186,head
d157,a0,d157_269,working_class,48,3,1,0,0.65,22061,True,d157_hh222,head
d157,a0,d157_422,working_class,55,3,0,2,0.65,35930,True,d157_hh222,partner
d210,a0,d210_428,rural_worker,66,2,1,1,0.7,35767,True,d210_hh262,head
d210,a0,d210_324,working_class,24,4,1,0,0.65,29661,True,d210_hh262,partner
d79,a1,d79_264,working_class,56,2,0,0,0.65,21652,True,d79_hh198,head
d79,a1,d79_321,retired,74,1,1,0,0.3,44780,True,d79_hh198,partner
d79,a1,d79_366,retired,67,4,0,0,0.3,35538,True,d79_hh198,partner
d79,a1,d79_93,working_class,27,4,1,0,0.65,19668,True,d79_hh198,partner
d115,a0,d115_392,working_class,34,1,0,0,0.65,22497,True,d115_hh55,head
d115,a0,d115_188,young_professional,24,5,0,0,0.2,29422,True,d115_hh55,partner
d115,a0,d115_392c0,na,12,na,1,0,0,0,True,d115_hh55,child
d115,a0,d115_392c1,na,1,na,0,0,0,0,True,d115_hh55,child
d115,a0,d115_9,student,26,4,0,0,0.05,11970,True,d115_hh124,head
d115,a0,d115_58,working_class,61,0,0,0,0.65,36674,True,d115_hh124,partner
d115,a0,d115_12,low_income,54,1,0,0,0.5,17691,True,d115_hh124,partner
d115,a0,d115_467,working_class,40,1,0,0,0.65,41469,True,d115_hh124,partner
d115,a0,d115_196,middle_class,23,5,0,0,0.7,48190,True,d115_hh124,partner
d115,a0,d115_252,working_class,63,6,1,0,0.65,26991,True,d115_hh124,partner
d47,a1,d47_422,retired,69,4,1,3,0.3,26373,True,d47_hh300,head
d41,a1,d41_146,farmer_agricultural,34,2,1,0,0.75,9118,True,d41_hh181,head
d41,a1,d41_0,retired,64,3,0,0,0.3,15831,True,d41_hh181,partner
d41,a1,d41_89,retired,64,6,1,0,0.3,28260,True,d41_hh181,partner
d41,a1,d41_196,working_class,57,2,0,0,0.65,34577,True,d41_hh181,partner
d41,a1,d41_5,rural_worker,52,1,1,0,0.7,25823,True,d41_hh181,partner
d41,a1,d41_468,farmer_agricultural,52,2,1,0,0.75,25739,True,d41_hh181,partner
d120,a0,d120_1,farmer_agricultural,54,0,0,0,0.75,34434,True,d120_hh268,head
d120,a0,d120_39,farmer_agricultural,59,3,1,0,0.75,16971,True,d120_hh268,partner
d4,a4,d4_436,farmer_agricultural,51,3,1,0,0.75,28055,True,d4_hh212,head
d148,a0,d148_238,affluent_professional,36,7,0,0,0.6,55144,True,d148_hh244,head
d148,a0,d148_203,student,29,7,1,0,0.05,9572,True,d148_hh244,partner
d151,a3,d151_17,retired,81,0,1,0,0.3,13428,True,d151_hh203,head
d151,a3,d151_36,retired,59,2,0,0,0.3,31272,True,d151_hh203,partner
d44,a0,d44_459,rural_worker,38,1,0,0,0.7,28023,True,d44_hh187,head
d44,a0,d44_77,farmer_agricultural,48,2,0,0,0.75,20774,True,d44_hh187,partner
d201,a0,d201_348,student,21,5,0,2,0.05,6759,True,d201_hh135,head
d160,a1,d160_118,working_class,38,2,0,1,0.65,36275,True,d160_hh179,head
d160,a1,d160_212,working_class,59,4,0,0,0.65,33159,True,d160_hh179,partner
d60,a1,d60_95,working_class,46,3,0,3,0.65,25826,True,d60_hh108,head
d60,a1,d60_45,working_class,51,2,1,0,0.65,20690,True,d60_hh108,partner
d66,a4,d66_161,farmer_agricultural,43,2,0,0,0.75,31116,True,d66_hh179,head
d112,a0,d112_501,rural_worker,53,1,1,0,0.7,22866,True,d112_hh17,head
d112,a0,d112_142,retired,78,4,1,0,0.3,19652,True,d112_hh17,partner
d87,a4,d87_98,farmer_agricultural,51,2,1,0,0.75,48104,True,d87_hh32,head
d87,a4,d87_66,rural_worker,43,1,0,0,0.7,22785,True,d87_hh32,partner
d200,a3,d200_337,middle_class,63,4,0,0,0.7,53101,True,d200_hh227,head
d200,a3,d200_320,affluent_professional,58,6,1,2,0.6,73273,True,d200_hh227,partner
d160,a1,d160_307,retired,82,4,1,0,0.3,9386,True,d160_hh211,head
d39,a3,d39_156,working_class,38,1,0,0,0.65,34597,True,d39_hh55,head
d39,a3,d39_457,farmer_agricultural,53,1,0,0,0.75,30274,True,d39_hh55,partner
d39,a3,d39_156c0,na,8,na,1,0,0,0,True,d39_hh55,child
d66,a4,d66_128,rural_worker,59,1,0,0,0.7,19346,True,d66_hh154,head
d66,a4,d66_256,farmer_agricultural,55,2,0,0,0.75,7960,True,d66_hh154,partner
d145,a0,d145_335,rural_worker,47,0,1,0,0.7,21209,True,d145_hh175,head
d145,a0,d145_336,working_class,61,3,1,0,0.65,40444,True,d145_hh175,partner
d195,a1,d195_416,rural_worker,54,0,0,0,0.7,24485,True,d195_hh52,head
d195,a1,d195_421,working_class,48,1,0,0,0.65,16676,True,d195_hh52,partner
d207,a1,d207_64,farmer_agricultural,45,3,0,0,0.75,9034,True,d207_hh28,head
d207,a1,d207_465,farmer_agricultural,63,1,1,2,0.75,20356,True,d207_hh28,partner
d129,a1,d129_428,middle_class,51,4,1,0,0.7,46616,True,d129_hh106,head
d129,a1,d129_238,middle_class,40,3,1,0,0.7,48038,True,d129_hh106,partner
d156,a0,d156_474,retired,81,4,1,0,0.3,37568,True,d156_hh218,head
d156,a0,d156_440,rural_worker,38,0,1,0,0.7,11893,True,d156_hh218,partner
d107,a0,d107_392,rural_worker,39,1,1,0,0.7,16329,True,d107_hh23,head
d107,a0,d107_198,middle_class,45,6,1,0,0.7,32357,True,d107_hh23,partner
d79,a1,d79_254,working_class,45,2,0,0,0.65,25713,True,d79_hh114,head
d103,a3,d103_173,rural_worker,27,1,1,0,0.7,20662,True,d103_hh48,head
d103,a3,d103_352,working_class,40,3,0,0,0.65,21594,True,d103_hh48,partner
d74,a0,d74_133,farmer_agricultural,65,3,0,0,0.75,44219,True,d74_hh11,head
d74,a0,d74_162,middle_class,38,3,0,0,0.7,36114,True,d74_hh11,partner
d102,a2,d102_421,rural_worker,57,1,0,0,0.7,32389,True,d102_hh284,head
d102,a2,d102_179,retired,77,0,0,0,0.3,11669,True,d102_hh284,partner
d134,a0,d134_402,retired,67,5,0,0,0.3,22595,True,d134_hh7,head
d134,a0,d134_127,rural_worker,38,2,0,0,0.7,27629,True,d134_hh7,partner
d190,a3,d190_205,retired,80,0,0,0,0.3,25243,True,d190_hh106,head
d128,a4,d128_132,rural_worker,36,0,1,0,0.7,14040,True,d128_hh278,head
d136,a1,d136_471,retired,80,5,1,0,0.3,23971,True,d136_hh89,head
d136,a1,d136_478,middle_class,43,1,1,0,0.7,50284,True,d136_hh89,partner
d198,a1,d198_18,middle_class,72,5,0,0,0.7,45833,True,d198_hh40,head
d198,a1,d198_146,middle_class,63,4,0,0,0.7,37482,True,d198_hh40,partner
d194,a0,d194_196,affluent_professional,47,5,0,2,0.6,43167,True,d194_hh40,head
d194,a0,d194_116,middle_class,34,3,1,0,0.7,36927,True,d194_hh40,partner
d184,a2,d184_271,farmer_agricultural,53,2,0,0,0.75,3077,True,d184_hh11,head
d184,a2,d184_190,farmer_agricultural,29,2,0,0,0.75,19647,True,d184_hh11,partner
d40,a3,d40_143,farmer_agricultural,61,2,1,0,0.75,-4061,True,d40_hh111,head
d40,a3,d40_75,retired,67,0,1,0,0.3,23669,True,d40_hh111,partner
d7,a0,d7_160,working_class,54,1,0,0,0.65,24872,True,d7_hh87,head
d7,a0,d7_178,farmer_agricultural,49,0,1,0,0.75,37955,True,d7_hh87,partner
d99,a4,d99_474,retired,53,1,1,0,0.3,24061,True,d99_hh38,head
d99,a4,d99_411,retired,71,0,1,0,0.3,15723,True,d99_hh38,partner
d99,a4,d99_178,retired,77,3,1,0,0.3,19860,True,d99_hh38,partner
d99,a4,d99_32,retired,75,3,1,0,0.3,28805,True,d99_hh38,partner
d78,a3,d78_318,farmer_agricultural,49,3,1,0,0.75,51062,True,d78_hh9,head
d78,a3,d78_192,farmer_agricultural,55,1,1,0,0.75,49999,True,d78_hh9,partner
d45,a3,d45_493,middle_class,29,4,1,0,0.7,48827,True,d45_hh0,head
d45,a3,d45_393,affluent_professional,39,6,0,0,0.6,41105,True,d45_hh0,partner
d45,a3,d45_493c0,na,7,na,1,0,0,0,True,d45_hh0,child
d45,a3,d45_493c1,na,9,na,1,0,0,0,True,d45_hh0,child
d191,a4,d191_372,rural_worker,53,2,1,0,0.7,31922,True,d191_hh275,head
d191,a4,d191_103,working_class,33,2,0,0,0.65,21054,True,d191_hh275,partner
d9,a3,d9_221,middle_class,52,4,0,0,0.7,34070,True,d9_hh197,head
d9,a3,d9_141,retired,76,1,0,0,0.3,7606,True,d9_hh197,partner
d183,a3,d183_142,working_class,52,3,0,2,0.65,22165,True,d183_hh237,head
d183,a3,d183_439,farmer_agricultural,63,0,0,0,0.75,32545,True,d183_hh237,partner
d164,a0,d164_24,retired,67,3,0,0,0.3,19817,True,d164_hh249,head
d157,a0,d157_65,rural_worker,30,1,1,0,0.7,19124,True,d157_hh235,head
d157,a0,d157_282,middle_class,34,6,0,0,0.7,36506,True,d157_hh235,partner
d24,a3,d24_424,affluent_professional,54,8,0,0,0.6,99079,True,d24_hh177,head
d24,a3,d24_409,farmer_agricultural,60,1,1,0,0.75,26435,True,d24_hh177,partner
d63,a1,d63_145,retired,77,0,0,0,0.3,31170,True,d63_hh83,head
d201,a0,d201_177,affluent_professional,39,5,0,0,0.6,56109,True,d201_hh78,head
d201,a0,d201_143,young_professional,17,5,0,0,0.2,29671,True,d201_hh78,partner
d175,a3,d175_80,rural_worker,37,2,0,0,0.7,25096,True,d175_hh32,head
d175,a3,d175_349,retired,64,2,0,0,0.3,31221,True,d175_hh32,partner
d175,a3,d175_80c0,na,10,na,1,0,0,0,True,d175_hh32,child
d56,a3,d56_386,rural_worker,42,3,1,0,0.7,14466,True,d56_hh175,head
d56,a3,d56_25,farmer_agricultural,40,2,0,0,0.75,50948,True,d56_hh175,partner
d120,a0,d120_189,middle_class,47,4,1,0,0.7,50349,True,d120_hh57,head
d120,a0,d120_416,farmer_agricultural,48,2,1,0,0.75,35785,True,d120_hh57,partner
d88,a4,d88_241,retired,75,1,0,0,0.3,18100,True,d88_hh118,head
d88,a4,d88_146,farmer_agricultural,47,2,0,0,0.75,47947,True,d88_hh118,partner
d179,a4,d179_61,working_class,45,0,0,0,0.65,25556,True,d179_hh28,head
d191,a4,d191_139,rural_worker,34,2,0,0,0.7,19798,True,d191_hh179,head
d191,a4,d191_117,rural_worker,38,2,1,0,0.7,13564,True,d191_hh179,partner
d191,a4,d191_139c0,na,11,na,1,0,0,0,True,d191_hh179,child
d191,a4,d191_139c1,na,15,na,0,0,0,0,True,d191_hh179,child
d135,a4,d135_159,retired,65,3,0,0,0.3,26674,True,d135_hh216,head
d32,a3,d32_389,middle_class,46,5,0,1,0.7,50057,True,d32_hh60,head
d32,a3,d32_82,farmer_agricultural,66,0,0,0,0.75,49232,True,d32_hh60,partner
d131,a1,d131_363,farmer_agricultural,46,1,0,0,0.75,26769,True,d131_hh14,head
d131,a1,d131_132,middle_class,44,4,0,0,0.7,29368,True,d131_hh14,partner
d168,a1,d168_34,retired,79,2,0,2,0.3,23677,True,d168_hh34,head
d168,a1,d168_397,farmer_agricultural,49,1,1,0,0.75,66244,True,d168_hh34,partner
d168,a1,d168_475,retired,99,3,1,0,0.3,13482,True,d168_hh34,partner
d172,a0,d172_209,retired,88,2,1,0,0.3,15117,True,d172_hh180,head
d95,a0,d95_474,middle_class,49,5,1,0,0.7,10648,True,d95_hh241,head
d95,a0,d95_289,rural_worker,34,2,0,0,0.7,20623,True,d95_hh241,partner
d188,a0,d188_208,working_class,59,3,1,2,0.65,19870,True,d188_hh256,head
d188,a0,d188_262,young_professional,36,4,0,0,0.2,47166,True,d188_hh256,partner
d46,a0,d46_381,retired,70,2,0,0,0.3,22583,True,d46_hh228,head
d46,a0,d46_244,farmer_agricultural,50,1,0,0,0.75,37553,True,d46_hh228,partner
d46,a0,d46_472,retired,90,0,0,2,0.3,26895,True,d46_hh228,partner
d108,a1,d108_392,working_class,36,0,0,0,0.65,27482,True,d108_hh212,head
d122,a1,d122_264,middle_class,41,4,1,0,0.7,21223,True,d122_hh210,head
d122,a1,d122_83,retired,78,2,0,0,0.3,31615,True,d122_hh210,partner
d175,a3,d175_31,affluent_professional,36,9,1,0,0.6,36365,True,d175_hh181,head
d175,a3,d175_95,middle_class,58,6,0,0,0.7,35419,True,d175_hh181,partner
d132,a0,d132_119,retired,68,1,1,0,0.3,23252,True,d132_hh233,head
d1,a0,d1_20,rural_worker,27,1,1,0,0.7,23139,True,d1_hh15,head
d126,a4,d126_279,middle_class,31,6,0,0,0.7,25619,True,d126_hh44,head
d126,a4,d126_152,farmer_agricultural,48,1,1,0,0.75,37929,True,d126_hh44,partner
d48,a0,d48_40,retired,81,2,0,0,0.3,13578,True,d48_hh176,head
d56,a3,d56_430,middle_class,48,2,0,0,0.7,42526,True,d56_hh123,head
d56,a3,d56_321,rural_worker,54,0,1,1,0.7,12897,True,d56_hh123,partner
d44,a0,d44_406,farmer_agricultural,30,2,1,0,0.75,23836,True,d44_hh283,head
d44,a0,d44_469,farmer_agricultural,59,4,0,0,0.75,22118,True,d44_hh283,partner
d135,a4,d135_152,farmer_agricultural,45,1,1,0,0.75,56446,True,d135_hh57,head
d135,a4,d135_152c0,na,3,na,0,0,0,0,True,d135_hh57,child
d9,a3,d9_463,affluent_professional,35,5,1,0,0.6,53108,True,d9_hh183,head
d9,a3,d9_90,rural_worker,51,1,1,0,0.7,23287,True,d9_hh183,partner
d115,a0,d115_150,middle_class,52,4,1,0,0.7,37359,True,d115_hh199,head
d115,a0,d115_148,affluent_professional,65,6,0,0,0.6,59002,True,d115_hh199,partner
d94,a1,d94_2,affluent_professional,36,6,0,0,0.6,67640,True,d94_hh129,head
d94,a1,d94_251,affluent_professional,55,5,1,0,0.6,92740,True,d94_hh129,partner
d94,a1,d94_2c0,na,2,na,0,0,0,0,True,d94_hh129,child
d94,a1,d94_2c1,na,11,na,0,0,0,0,True,d94_hh129,child
d210,a0,d210_400,working_class,69,0,1,0,0.65,29697,True,d210_hh267,head
d210,a0,d210_37,rural_worker,37,0,0,0,0.7,26853,True,d210_hh267,partner
d99,a4,d99_390,retired,75,2,0,0,0.3,24684,True,d99_hh44,head
d86,a1,d86_363,middle_class,54,8,1,0,0.7,27683,True,d86_hh55,head
d86,a1,d86_472,working_class,57,1,0,0,0.65,32870,True,d86_hh55,partner
d78,a3,d78_259,working_class,54,1,0,0,0.65,15758,True,d78_hh234,head
d78,a3,d78_15,farmer_agricultural,46,0,0,0,0.75,32347,True,d78_hh234,partner
d194,a0,d194_132,student,21,7,0,3,0.05,14906,True,d194_hh189,head
d194,a0,d194_132c0,na,16,na,0,3,0,0,True,d194_hh189,child
d157,a0,d157_445,retired,71,1,0,0,0.3,9120,True,d157_hh16,head
d34,a1,d34_407,rural_worker,39,1,1,0,0.7,20578,True,d34_hh166,head
d34,a1,d34_100,farmer_agricultural,47,0,1,0,0.75,33446,True,d34_hh166,partner
d83,a0,d83_524,retired,70,3,0,0,0.3,23077,True,d83_hh79,head
d156,a0,d156_400,retired,56,2,1,0,0.3,22546,True,d156_hh19,head
d109,a0,d109_80,farmer_agricultural,68,1,0,0,0.75,49054,True,d109_hh168,head
d53,a3,d53_72,retired,53,2,1,0,0.3,14613,True,d53_hh23,head
d32,a3,d32_318,rural_worker,44,2,1,0,0.7,28009,True,d32_hh19,head
d32,a3,d32_295,rural_worker,31,3,0,0,0.7,21667,True,d32_hh19,partner
d139,a0,d139_24,rural_worker,36,1,1,0,0.7,17328,True,d139_hh27,head
d139,a0,d139_351,working_class,49,1,1,0,0.65,16946,True,d139_hh27,partner
d139,a0,d139_24c0,na,4,na,1,0,0,0,True,d139_hh27,child
d161,a1,d161_214,retired,78,1,0,0,0.3,28019,True,d161_hh110,head
d69,a3,d69_450,rural_worker,58,2,0,0,0.7,18673,True,d69_hh209,head
d69,a3,d69_275,farmer_agricultural,35,1,0,0,0.75,26903,True,d69_hh209,partner
d124,a3,d124_384,working_class,57,2,1,0,0.65,23367,True,d124_hh167,head
d124,a3,d124_495,working_class,49,2,1,0,0.65,26247,True,d124_hh167,partner
d124,a3,d124_472,retired,91,1,1,0,0.3,19403,True,d124_hh167,partner
d110,a0,d110_77,working_class,45,1,0,0,0.65,33788,True,d110_hh201,head
d110,a0,d110_113,middle_class,27,2,1,0,0.7,26769,True,d110_hh201,partner
d112,a0,d112_187,rural_worker,70,1,0,0,0.7,4461,True,d112_hh221,head
d112,a0,d112_41,working_class,47,1,0,0,0.65,15602,True,d112_hh221,partner
d116,a3,d116_219,retired,68,7,0,0,0.3,22086,True,d116_hh196,head
d116,a3,d116_340,middle_class,48,4,0,0,0.7,34208,True,d116_hh196,partner
d11,a3,d11_15,farmer_agricultural,44,1,0,0,0.75,19271,True,d11_hh240,head
d11,a3,d11_0,rural_worker,26,2,0,0,0.7,35866,True,d11_hh240,partner
d97,a3,d97_261,retired,54,0,0,0,0.3,26137,True,d97_hh75,head
d97,a3,d97_127,working_class,47,2,0,2,0.65,28333,True,d97_hh75,partner
d167,a0,d167_133,affluent_professional,52,6,0,0,0.6,82991,True,d167_hh11,head
d167,a0,d167_283,low_income,40,0,1,0,0.5,13202,True,d167_hh11,partner
d112,a0,d112_236,farmer_agricultural,42,1,0,0,0.75,9546,True,d112_hh31,head
d112,a0,d112_137,middle_class,48,2,0,1,0.7,33880,True,d112_hh31,partner
d124,a3,d124_426,retired,62,4,0,0,0.3,28394,True,d124_hh223,head
d124,a3,d124_187,farmer_agricultural,49,1,0,0,0.75,30251,True,d124_hh223,partner
d42,a1,d42_418,rural_worker,48,2,1,0,0.7,28697,True,d42_hh251,head
d42,a1,d42_170,retired,66,2,0,0,0.3,17234,True,d42_hh251,partner
d42,a1,d42_356,working_class,52,4,0,0,0.65,27900,True,d42_hh38,head
d42,a1,d42_315,middle_class,37,7,1,0,0.7,27633,True,d42_hh38,partner
d158,a4,d158_198,rural_worker,43,2,1,0,0.7,15661,True,d158_hh34,head
d158,a4,d158_117,rural_worker,50,0,0,0,0.7,21760,True,d158_hh34,partner
d194,a0,d194_137,low_income,50,1,1,0,0.5,20841,True,d194_hh101,head
d32,a3,d32_423,middle_class,50,5,0,0,0.7,35889,True,d32_hh151,head
d32,a3,d32_256,rural_worker,54,0,1,0,0.7,26108,True,d32_hh151,partner
d32,a3,d32_226,farmer_agricultural,70,1,0,0,0.75,23603,True,d32_hh151,partner
d32,a3,d32_485,retired,69,5,1,0,0.3,5864,True,d32_hh151,partner
d120,a0,d120_254,working_class,53,2,1,0,0.65,20985,True,d120_hh272,head
d18,a0,d18_307,working_class,29,3,0,0,0.65,12860,True,d18_hh253,head
d18,a0,d18_331,rural_worker,60,3,0,0,0.7,25288,True,d18_hh253,partner
d160,a1,d160_149,working_class,54,2,1,0,0.65,32544,True,d160_hh38,head
d160,a1,d160_19,affluent_professional,42,7,0,0,0.6,76364,True,d160_hh38,partner
d61,a0,d61_221,farmer_agricultural,33,1,0,0,0.75,32069,True,d61_hh79,head
d61,a0,d61_205,retired,65,3,1,0,0.3,21963,True,d61_hh79,partner
d49,a3,d49_135,retired,77,3,1,0,0.3,32240,True,d49_hh219,head
d49,a3,d49_186,middle_class,39,3,1,0,0.7,50996,True,d49_hh219,partner
d16,a3,d16_264,working_class,60,1,0,2,0.65,32812,True,d16_hh218,head
d21,a3,d21_389,working_class,44,1,1,0,0.65,27196,True,d21_hh25,head
d21,a3,d21_448,retired,64,1,0,0,0.3,23577,True,d21_hh25,partner
d85,a1,d85_464,working_class,51,2,0,0,0.65,14138,True,d85_hh218,head
d85,a1,d85_402,middle_class,43,3,1,3,0.7,46830,True,d85_hh218,partner
d167,a0,d167_33,affluent_professional,43,5,1,0,0.6,79653,True,d167_hh264,head
d167,a0,d167_17,middle_class,54,2,0,0,0.7,49103,True,d167_hh264,partner
d40,a3,d40_97,rural_worker,46,1,0,3,0.7,27575,True,d40_hh7,head
d190,a3,d190_340,farmer_agricultural,40,2,1,0,0.75,11080,True,d190_hh173,head
d190,a3,d190_75,retired,67,3,1,0,0.3,25608,True,d190_hh173,partner
d41,a1,d41_155,retired,67,3,0,0,0.3,16099,True,d41_hh72,head
d41,a1,d41_47,working_class,40,2,1,0,0.65,34754,True,d41_hh72,partner
d41,a1,d41_467,retired,91,0,0,0,0.3,14498,True,d41_hh72,partner
d41,a1,d41_24,retired,94,1,1,0,0.3,28602,True,d41_hh72,partner
d103,a3,d103_54,middle_class,40,4,1,0,0.7,37030,True,d103_hh63,head
d103,a3,d103_206,retired,80,2,0,0,0.3,19238,True,d103_hh63,partner
d121,a0,d121_408,student,26,5,0,0,0.05,5658,True,d121_hh272,head
d150,a3,d150_274,retired,63,3,1,0,0.3,19989,True,d150_hh253,head
d139,a0,d139_87,farmer_agricultural,53,4,1,3,0.75,22335,True,d139_hh251,head
d139,a0,d139_254,farmer_agricultural,42,3,0,1,0.75,37531,True,d139_hh251,partner
d31,a3,d31_177,rural_worker,40,1,0,0,0.7,22066,True,d31_hh135,head
d31,a3,d31_428,farmer_agricultural,51,0,0,0,0.75,-1401,True,d31_hh135,partner
d73,a0,d73_359,middle_class,36,3,1,0,0.7,44570,True,d73_hh7,head
d93,a1,d93_68,affluent_professional,40,6,0,0,0.6,70355,True,d93_hh184,head
d93,a1,d93_102,middle_class,35,3,0,0,0.7,37881,True,d93_hh184,partner
d93,a1,d93_68c0,na,14,na,1,0,0,0,True,d93_hh184,child
d73,a0,d73_40,farmer_agricultural,52,1,1,0,0.75,31520,True,d73_hh151,head
d73,a0,d73_154,farmer_agricultural,34,2,1,0,0.75,55447,True,d73_hh151,partner
d44,a0,d44_149,affluent_professional,40,6,0,0,0.6,73559,True,d44_hh35,head
d158,a4,d158_36,rural_worker,50,2,0,0,0.7,26988,True,d158_hh49,head
d158,a4,d158_155,retired,54,0,1,0,0.3,19839,True,d158_hh49,partner
d123,a1,d123_282,farmer_agricultural,56,2,1,1,0.75,27260,True,d123_hh83,head
d123,a1,d123_100,working_class,41,0,1,2,0.65,12894,True,d123_hh83,partner
d191,a4,d191_305,working_class,55,3,1,2,0.65,23473,True,d191_hh190,head
d191,a4,d191_292,retired,71,1,0,0,0.3,21913,True,d191_hh190,partner
d44,a0,d44_178,middle_class,43,5,0,0,0.7,22936,True,d44_hh65,head
d119,a1,d119_333,farmer_agricultural,48,1,1,0,0.75,41771,True,d119_hh174,head
d119,a1,d119_119,farmer_agricultural,51,3,0,0,0.75,50663,True,d119_hh174,partner
d118,a0,d118_401,middle_class,43,4,0,0,0.7,32332,True,d118_hh175,head
d118,a0,d118_433,working_class,54,2,0,0,0.65,26057,True,d118_hh175,partner
d203,a1,d203_108,middle_class,30,4,1,0,0.7,27193,True,d203_hh189,head
d203,a1,d203_413,affluent_professional,32,8,0,0,0.6,111933,True,d203_hh189,partner
d67,a4,d67_103,working_class,43,0,1,0,0.65,27342,True,d67_hh63,head
d67,a4,d67_441,working_class,35,3,0,0,0.65,25881,True,d67_hh63,partner
d74,a0,d74_167,farmer_agricultural,59,0,0,0,0.75,58492,True,d74_hh212,head
d74,a0,d74_501,working_class,36,3,1,0,0.65,28718,True,d74_hh212,partner
d168,a1,d168_430,retired,77,3,1,0,0.3,13286,True,d168_hh30,head
d168,a1,d168_440,farmer_agricultural,57,1,0,0,0.75,24246,True,d168_hh30,partner
d176,a1,d176_484,working_class,67,3,0,0,0.65,9295,True,d176_hh92,head
d176,a1,d176_287,working_class,68,2,0,0,0.65,42525,True,d176_hh92,partner
d108,a1,d108_184,young_professional,25,4,0,0,0.2,25051,True,d108_hh213,head
d108,a1,d108_444,working_class,45,0,0,0,0.65,33019,True,d108_hh213,partner
d113,a0,d113_384,working_class,47,2,0,0,0.65,12264,True,d113_hh254,head
d127,a0,d127_284,farmer_agricultural,30,0,0,0,0.75,28983,True,d127_hh69,head
d127,a0,d127_291,retired,60,3,1,0,0.3,22208,True,d127_hh69,partner
d127,a0,d127_228,working_class,69,2,0,2,0.65,11710,True,d127_hh69,partner
d127,a0,d127_89,working_class,48,2,0,0,0.65,35647,True,d127_hh69,partner
d127,a0,d127_163,rural_worker,64,1,0,0,0.7,24410,True,d127_hh69,partner
d66,a4,d66_323,working_class,45,2,1,0,0.65,12124,True,d66_hh131,head
d66,a4,d66_464,working_class,41,1,0,1,0.65,18800,True,d66_hh131,partner
d59,a0,d59_178,working_class,57,1,0,0,0.65,18756,True,d59_hh251,head
d59,a0,d59_2,farmer_agricultural,52,0,1,0,0.75,41937,True,d59_hh251,partner
d162,a3,d162_283,farmer_agricultural,56,2,1,0,0.75,4204,True,d162_hh67,head
d162,a3,d162_336,working_class,43,1,0,0,0.65,20191,True,d162_hh67,partner
d184,a2,d184_131,retired,79,0,0,0,0.3,16191,True,d184_hh206,head
d51,a3,d51_111,working_class,38,4,1,0,0.65,23132,True,d51_hh37,head
d51,a3,d51_178,farmer_agricultural,74,0,0,0,0.75,18000,True,d51_hh37,partner
d44,a0,d44_331,farmer_agricultural,50,1,0,0,0.75,32783,True,d44_hh170,head
d44,a0,d44_106,affluent_professional,53,8,1,1,0.6,71791,True,d44_hh170,partner
d38,a3,d38_243,rural_worker,53,0,1,0,0.7,27237,True,d38_hh49,head
d36,a2,d36_25,working_class,38,1,1,0,0.65,33079,True,d36_hh69,head
d36,a2,d36_200,retired,71,2,0,0,0.3,20259,True,d36_hh69,partner
d32,a3,d32_59,working_class,38,1,0,0,0.65,29711,True,d32_hh136,head
d32,a3,d32_117,working_class,42,3,0,3,0.65,10132,True,d32_hh136,partner
d8,a0,d8_81,student,16,5,0,0,0.05,9126,True,d8_hh106,head
d8,a0,d8_301,working_class,35,1,1,0,0.65,22298,True,d8_hh106,partner
d8,a0,d8_0,student,26,4,1,0,0.05,18516,True,d8_hh106,partner
d8,a0,d8_485,student,21,6,1,0,0.05,20534,True,d8_hh106,partner
d111,a4,d111_422,farmer_agricultural,63,2,1,0,0.75,27809,True,d111_hh29,head
d111,a4,d111_239,affluent_professional,25,7,0,0,0.6,64209,True,d111_hh29,partner
d82,a3,d82_102,working_class,45,4,1,0,0.65,21928,True,d82_hh115,head
d92,a1,d92_371,middle_class,30,4,1,0,0.7,26475,True,d92_hh161,head
d92,a1,d92_51,middle_class,36,4,1,0,0.7,22963,True,d92_hh161,partner
d214,a0,d214_146,farmer_agricultural,48,3,1,0,0.75,52753,True,d214_hh20,head
d214,a0,d214_290,middle_class,41,4,1,0,0.7,45003,True,d214_hh20,partner
d20,a3,d20_411,farmer_agricultural,68,3,0,0,0.75,28472,True,d20_hh48,head
d20,a3,d20_445,working_class,53,3,1,0,0.65,39255,True,d20_hh48,partner
d18,a0,d18_73,retired,79,1,0,0,0.3,10075,True,d18_hh91,head
d91,a3,d91_461,farmer_agricultural,65,3,0,0,0.75,55145,True,d91_hh100,head
d91,a3,d91_437,farmer_agricultural,73,0,1,0,0.75,47266,True,d91_hh100,partner
d55,a3,d55_209,working_class,24,3,1,0,0.65,14526,True,d55_hh12,head
d88,a4,d88_403,working_class,45,1,0,2,0.65,34125,True,d88_hh235,head
d88,a4,d88_291,retired,66,2,1,0,0.3,24930,True,d88_hh235,partner
d81,a0,d81_351,working_class,54,1,0,0,0.65,25173,True,d81_hh87,head
d81,a0,d81_56,rural_worker,32,2,1,0,0.7,28160,True,d81_hh87,partner
d163,a1,d163_353,working_class,57,2,0,0,0.65,22858,True,d163_hh242,head
d163,a1,d163_366,affluent_professional,21,7,0,0,0.6,90509,True,d163_hh242,partner
d43,a0,d43_343,middle_class,24,4,1,2,0.7,37895,True,d43_hh67,head
d43,a0,d43_258,working_class,72,2,1,0,0.65,29147,True,d43_hh67,partner
d43,a0,d43_343c0,na,2,na,1,2,0,0,True,d43_hh67,child
d119,a1,d119_166,retired,70,6,0,0,0.3,35777,True,d119_hh107,head
d119,a1,d119_350,working_class,30,4,0,0,0.65,20362,True,d119_hh107,partner
d119,a1,d119_482,retired,88,2,0,0,0.3,24755,True,d119_hh107,partner
d147,a3,d147_56,farmer_agricultural,46,1,0,0,0.75,46642,True,d147_hh167,head
d147,a3,d147_492,rural_worker,54,1,0,0,0.7,25529,True,d147_hh167,partner
d176,a1,d176_182,affluent_professional,27,7,1,0,0.6,39511,True,d176_hh220,head
d176,a1,d176_15,affluent_professional,32,6,0,2,0.6,40263,True,d176_hh220,partner
d50,a3,d50_138,middle_class,23,3,0,2,0.7,46386,True,d50_hh195,head
d50,a3,d50_125,middle_class,51,3,0,0,0.7,29961,True,d50_hh195,partner
d50,a3,d50_138c0,na,2,na,0,2,0,0,True,d50_hh195,child
d108,a1,d108_415,student,22,7,1,0,0.05,20600,True,d108_hh162,head
d108,a1,d108_106,student,25,4,1,0,0.05,8428,True,d108_hh162,partner
d108,a1,d108_55,student,19,6,0,0,0.05,16276,True,d108_hh162,partner
d108,a1,d108_68,student,26,7,0,0,0.05,-3008,True,d108_hh162,partner
d108,a1,d108_20,middle_class,31,1,1,0,0.7,22191,True,d108_hh162,partner
d108,a1,d108_421,student,20,7,0,0,0.05,7761,True,d108_hh162,partner
d148,a0,d148_437,low_income,22,1,0,0,0.5,20085,True,d148_hh58,head
d192,a3,d192_357,working_class,59,2,1,0,0.65,17640,True,d192_hh39,head
d192,a3,d192_394,working_class,35,3,0,0,0.65,11865,True,d192_hh39,partner
d65,a4,d65_276,farmer_agricultural,54,2,0,0,0.75,10785,True,d65_hh115,head
d65,a4,d65_134,retired,73,3,0,0,0.3,13335,True,d65_hh115,partner
d96,a1,d96_375,working_class,46,1,1,0,0.65,23433,True,d96_hh8,head
d96,a1,d96_118,farmer_agricultural,39,2,1,0,0.75,10358,True,d96_hh8,partner
d59,a0,d59_334,middle_class,39,5,1,0,0.7,40311,True,d59_hh98,head
d59,a0,d59_138,farmer_agricultural,52,3,1,0,0.75,27269,True,d59_hh98,partner
d8,a0,d8_470,working_class,46,3,1,0,0.65,11707,True,d8_hh105,head
d195,a1,d195_405,retired,66,2,0,0,0.3,29814,True,d195_hh31,head
d195,a1,d195_463,rural_worker,30,3,0,0,0.7,27009,True,d195_hh31,partner
d153,a0,d153_252,retired,81,1,0,0,0.3,-6417,True,d153_hh96,head
d142,a0,d142_151,affluent_professional,39,7,1,0,0.6,109848,True,d142_hh190,head
d190,a3,d190_97,farmer_agricultural,61,3,0,0,0.75,40622,True,d190_hh182,head
d170,a4,d170_460,middle_class,32,2,1,0,0.7,34652,True,d170_hh228,head
d170,a4,d170_293,farmer_agricultural,43,1,0,0,0.75,7043,True,d170_hh228,partner
d170,a4,d170_460c0,na,3,na,1,0,0,0,True,d170_hh228,child
d84,a1,d84_42,working_class,63,1,1,0,0.65,41452,True,d84_hh122,head
d84,a1,d84_23,retired,78,4,1,0,0.3,11349,True,d84_hh122,partner
d26,a3,d26_377,working_class,43,3,1,0,0.65,26253,True,d26_hh63,head
d105,a1,d105_98,working_class,49,2,1,0,0.65,21230,True,d105_hh45,head
d105,a1,d105_126,middle_class,52,4,0,0,0.7,36183,True,d105_hh45,partner
d16,a3,d16_253,working_class,53,3,0,0,0.65,43704,True,d16_hh200,head
d16,a3,d16_297,working_class,63,1,0,0,0.65,42113,True,d16_hh200,partner
d51,a3,d51_492,rural_worker,57,1,0,0,0.7,30830,True,d51_hh49,head
d51,a3,d51_230,working_class,51,2,0,1,0.65,23509,True,d51_hh49,partner
d93,a1,d93_231,farmer_agricultural,61,1,1,0,0.75,56981,True,d93_hh66,head
d3,a1,d3_297,working_class,40,3,0,0,0.65,24034,True,d3_hh97,head
d7,a0,d7_15,retired,75,0,0,0,0.3,15528,True,d7_hh155,head
d164,a0,d164_447,farmer_agricultural,66,1,0,0,0.75,5988,True,d164_hh78,head
d164,a0,d164_82,retired,80,1,1,0,0.3,5558,True,d164_hh78,partner
d7,a0,d7_76,rural_worker,45,1,1,0,0.7,22293,True,d7_hh148,head
d7,a0,d7_296,middle_class,44,4,1,0,0.7,44272,True,d7_hh148,partner
d38,a3,d38_107,farmer_agricultural,37,0,1,0,0.75,18198,True,d38_hh172,head
d38,a3,d38_409,rural_worker,50,2,0,0,0.7,20604,True,d38_hh172,partner
d49,a3,d49_130,working_class,40,4,0,0,0.65,22399,True,d49_hh257,head
d49,a3,d49_245,working_class,45,3,1,0,0.65,29063,True,d49_hh257,partner
d149,a3,d149_347,farmer_agricultural,66,3,1,0,0.75,22174,True,d149_hh61,head
d130,a0,d130_250,rural_worker,69,3,0,0,0.7,31480,True,d130_hh277,head
d130,a0,d130_8,farmer_agricultural,68,0,1,0,0.75,41528,True,d130_hh277,partner
d161,a1,d161_0,farmer_agricultural,52,0,1,0,0.75,22118,True,d161_hh229,head
d161,a1,d161_183,rural_worker,40,2,0,0,0.7,23706,True,d161_hh229,partner
d47,a1,d47_420,working_class,45,2,1,0,0.65,35842,True,d47_hh135,head
d47,a1,d47_5,working_class,55,1,1,0,0.65,32116,True,d47_hh135,partner
d110,a0,d110_56,affluent_professional,33,5,1,0,0.6,80164,True,d110_hh117,head
d110,a0,d110_126,middle_class,29,5,1,0,0.7,66828,True,d110_hh117,partner
d49,a3,d49_405,retired,90,2,1,0,0.3,19877,True,d49_hh170,head
d49,a3,d49_380,retired,57,2,1,3,0.3,35342,True,d49_hh170,partner
d122,a1,d122_118,affluent_professional,53,6,0,0,0.6,46343,True,d122_hh112,head
d122,a1,d122_487,rural_worker,47,2,0,0,0.7,27464,True,d122_hh112,partner
d28,a0,d28_305,low_income,21,1,0,3,0.5,23984,True,d28_hh35,head
d62,a0,d62_247,rural_worker,53,0,1,0,0.7,22109,True,d62_hh18,head
d62,a0,d62_338,rural_worker,70,0,1,0,0.7,18041,True,d62_hh18,partner
d3,a1,d3_392,working_class,63,0,1,0,0.65,32382,True,d3_hh180,head
d3,a1,d3_276,middle_class,48,6,1,0,0.7,42757,True,d3_hh180,partner
d53,a3,d53_9,middle_class,46,4,0,0,0.7,50680,True,d53_hh249,head
d53,a3,d53_472,middle_class,42,4,0,3,0.7,26522,True,d53_hh249,partner
d201,a0,d201_14,affluent_professional,21,8,1,0,0.6,71213,True,d201_hh119,head
d201,a0,d201_336,affluent_professional,60,7,0,0,0.6,50068,True,d201_hh119,partner
d51,a3,d51_324,middle_class,51,4,1,0,0.7,33577,True,d51_hh177,head
d51,a3,d51_357,retired,54,3,0,0,0.3,40949,True,d51_hh177,partner
d8,a0,d8_468,low_income,40,1,1,0,0.5,18549,True,d8_hh41,head
d92,a1,d92_114,retired,75,5,1,0,0.3,37239,True,d92_hh115,head
d163,a1,d163_148,rural_worker,49,1,1,0,0.7,31680,True,d163_hh44,head
d163,a1,d163_15,retired,71,0,0,0,0.3,15906,True,d163_hh44,partner
d146,a3,d146_115,rural_worker,55,1,1,0,0.7,26038,True,d146_hh88,head
d146,a3,d146_321,farmer_agricultural,40,3,0,0,0.75,22577,True,d146_hh88,partner
d55,a3,d55_10,middle_class,39,3,0,3,0.7,33964,True,d55_hh232,head
d55,a3,d55_4,farmer_agricultural,49,1,0,0,0.75,21736,True,d55_hh232,partner
d55,a3,d55_10c0,na,14,na,1,3,0,0,True,d55_hh232,child
d48,a0,d48_360,farmer_agricultural,65,0,1,0,0.75,28760,True,d48_hh119,head
d48,a0,d48_336,middle_class,50,3,1,0,0.7,35176,True,d48_hh119,partner
d172,a0,d172_249,middle_class,42,5,0,0,0.7,51205,True,d172_hh18,head
d172,a0,d172_262,working_class,40,0,0,0,0.65,33625,True,d172_hh18,partner
d7,a0,d7_426,working_class,41,2,1,0,0.65,7822,True,d7_hh240,head
d69,a3,d69_84,farmer_agricultural,39,2,1,0,0.75,9319,True,d69_hh55,head
d69,a3,d69_253,middle_class,38,9,1,0,0.7,28989,True,d69_hh55,partner
d69,a3,d69_84c0,na,13,na,1,0,0,0,True,d69_hh55,child
d117,a0,d117_434,retired,75,1,1,0,0.3,19394,True,d117_hh126,head
d117,a0,d117_235,working_class,58,1,0,0,0.65,43569,True,d117_hh126,partner
d158,a4,d158_291,retired,55,3,1,0,0.3,15062,True,d158_hh20,head
d158,a4,d158_475,retired,80,3,0,0,0.3,29686,True,d158_hh20,partner
d149,a3,d149_285,farmer_agricultural,38,1,1,0,0.75,29846,True,d149_hh237,head
d149,a3,d149_414,farmer_agricultural,54,2,1,0,0.75,31054,True,d149_hh237,partner
d149,a3,d149_285c0,na,5,na,0,0,0,0,True,d149_hh237,child
d104,a1,d104_11,retired,62,4,1,2,0.3,21730,True,d104_hh7,head
d38,a3,d38_64,farmer_agricultural,33,1,0,0,0.75,35005,True,d38_hh95,head
d28,a0,d28_81,middle_class,41,5,1,0,0.7,55462,True,d28_hh40,head
d28,a0,d28_370,middle_class,49,4,0,0,0.7,33276,True,d28_hh40,partner
d137,a1,d137_274,farmer_agricultural,53,1,1,0,0.75,22208,True,d137_hh216,head
d137,a1,d137_67,retired,69,4,1,2,0.3,14728,True,d137_hh216,partner
d203,a1,d203_16,young_professional,31,5,0,0,0.2,22986,True,d203_hh227,head
d203,a1,d203_258,middle_class,53,3,1,0,0.7,11738,True,d203_hh227,partner
d134,a0,d134_445,farmer_agricultural,33,1,0,1,0.75,17343,True,d134_hh118,head
d58,a4,d58_508,retired,70,0,1,0,0.3,30428,True,d58_hh108,head
d73,a0,d73_124,working_class,34,3,0,0,0.65,36851,True,d73_hh197,head
d73,a0,d73_210,farmer_agricultural,43,3,1,0,0.75,54611,True,d73_hh197,partner
d73,a0,d73_124c0,na,4,na,1,0,0,0,True,d73_hh197,child
d73,a0,d73_124c1,na,11,na,0,0,0,0,True,d73_hh197,child
d124,a3,d124_36,rural_worker,29,2,0,2,0.7,34372,True,d124_hh125,head
d124,a3,d124_341,farmer_agricultural,50,2,0,0,0.75,38312,True,d124_hh125,partner
d124,a3,d124_36c0,na,10,na,1,2,0,0,True,d124_hh125,child
d35,a0,d35_81,rural_worker,46,1,0,0,0.7,19403,True,d35_hh224,head
d35,a0,d35_81c0,na,10,na,0,0,0,0,True,d35_hh224,child
d114,a1,d114_471,rural_worker,35,2,1,0,0.7,18464,True,d114_hh2,head
d114,a1,d114_326,retired,74,2,1,0,0.3,13715,True,d114_hh2,partner
d160,a1,d160_381,rural_worker,44,2,0,0,0.7,33698,True,d160_hh97,head
d81,a0,d81_148,retired,66,4,1,0,0.3,27034,True,d81_hh14,head
d81,a0,d81_280,middle_class,40,4,0,0,0.7,22983,True,d81_hh14,partner
d25,a0,d25_13,middle_class,48,1,0,0,0.7,54291,True,d25_hh157,head
d25,a0,d25_8,working_class,25,5,1,0,0.65,17566,True,d25_hh157,partner
d124,a3,d124_312,affluent_professional,46,8,0,0,0.6,59045,True,d124_hh126,head
d124,a3,d124_392,retired,73,4,0,0,0.3,19117,True,d124_hh126,partner
d115,a0,d115_351,middle_class,39,5,1,0,0.7,36630,True,d115_hh176,head
d115,a0,d115_368,low_income,32,1,1,0,0.5,9448,True,d115_hh176,partner
d9,a3,d9_153,middle_class,33,3,0,0,0.7,31247,True,d9_hh236,head
d9,a3,d9_400,working_class,52,3,1,0,0.65,9282,True,d9_hh236,partner
d9,a3,d9_153c0,na,16,na,0,0,0,0,True,d9_hh236,child
d63,a1,d63_282,affluent_professional,29,7,1,0,0.6,62745,True,d63_hh160,head
d63,a1,d63_86,affluent_professional,30,8,1,0,0.6,54873,True,d63_hh160,partner
d168,a1,d168_62,retired,68,3,1,0,0.3,39078,True,d168_hh265,head
d168,a1,d168_441,middle_class,39,5,1,0,0.7,47324,True,d168_hh265,partner
d192,a3,d192_274,working_class,40,2,0,0,0.65,14334,True,d192_hh68,head
d192,a3,d192_467,middle_class,56,4,1,0,0.7,25803,True,d192_hh68,partner
d41,a1,d41_1,farmer_agricultural,49,2,1,0,0.75,-2410,True,d41_hh74,head
d41,a1,d41_312,rural_worker,36,1,0,0,0.7,22439,True,d41_hh74,partner
d50,a3,d50_307,affluent_professional,48,7,1,0,0.6,64133,True,d50_hh112,head
d50,a3,d50_85,farmer_agricultural,70,3,0,0,0.75,13051,True,d50_hh112,partner
d107,a0,d107_275,working_class,47,2,1,0,0.65,29156,True,d107_hh193,head
d107,a0,d107_450,middle_class,69,5,0,0,0.7,22314,True,d107_hh193,partner
d146,a3,d146_232,farmer_agricultural,70,0,1,0,0.75,44920,True,d146_hh114,head
d146,a3,d146_73,rural_worker,54,0,1,0,0.7,29821,True,d146_hh114,partner
d138,a4,d138_429,rural_worker,32,1,1,0,0.7,9186,True,d138_hh1,head
d138,a4,d138_196,farmer_agricultural,39,2,1,0,0.75,10614,True,d138_hh1,partner
d138,a4,d138_429c0,na,3,na,0,0,0,0,True,d138_hh1,child
d214,a0,d214_178,farmer_agricultural,40,2,1,0,0.75,23910,True,d214_hh255,head
d214,a0,d214_291,farmer_agricultural,37,0,0,0,0.75,23230,True,d214_hh255,partner
d214,a0,d214_402,farmer_agricultural,62,3,1,0,0.75,27907,True,d214_hh255,partner
d214,a0,d214_462,retired,63,6,0,0,0.3,39798,True,d214_hh255,partner
